Workbook
Name 상미70: 정리표!#REF!
Name 상미70: '창고1(실사표)'!#REF!
Name 상미75: 정리표!$N$1
Name 상미75: '창고1(실사표)'!$N$1

Sheet 월마감
C1: 한국통운 재고현황
A3: 기존코드 | B3: SAP코드 | C3: Brand Name | D3: 구분 | E3: 940P | F3: 아주 | G3: 940P | H3: 아주 | I3: 잔량 | J3: 보류재고 | K3: 총합계 | L3: 전산 | M3: 주간상차 | N3: 차이 | P3: 940P | Q3: 아주 | R3: 잔량 | S3: 보류재고 | T3: 합계 | U3: 차이 | V3: SAP | W3: 최종차이
A4: 7870 | B4: MM7870 | C4: 미닛 오렌지 180NRB 3X12 | D4: 180NRB | F4: 72 | G4: 0 | H4: 0 | I4: 71 | J4: 0 | K4: 71 | L4: 73 | M4: 0 | N4: -2
A5: 7011 | B5: MM7011 | C5: 미닛 홈스타오렌+자몽 180NRB 3X12 | D5: 180NRB | F5: 72 | G5: 0 | H5: 936 | I5: 28 | J5: 0 | K5: 964 | L5: 964 | M5: 0 | N5: 0
A6: 7871 | B6: MM7871 | C6: 미닛 포도 180NRB 3X12 | D6: 180NRB | F6: 72 | G6: 0 | H6: 936 | I6: 48 | J6: 0 | K6: 984 | L6: 983 | M6: 0 | N6: 1
A7: 7873 | B7: MM7873 | C7: 미닛 알로에 180NRB 3X12 | D7: 180NRB | F7: 72 | G7: 0 | H7: 0 | I7: 0 | J7: 0 | K7: 0 | L7: 0 | M7: 0 | N7: 0
A8: 7875 | B8: MM7875 | C8: 미닛 오렌+포도+감귤 180NRB 3X12 | D8: 180NRB | F8: 64 | G8: 0 | H8: 0 | I8: 0 | J8: 0 | K8: 0 | L8: 0 | M8: 0 | N8: 0
A9: 7872 | B9: MM7872 | C9: 미닛 제주감귤 180NRB 3X12 | D9: 180NRB | F9: 64 | G9: 0 | H9: 0 | I9: 0 | J9: 0 | K9: 0 | L9: 0 | M9: 0 | N9: 0
A10: 7876 | B10: MM7876 | C10: 미닛 오렌+포도+알로 180NRB 3X12 | D10: 180NRB | F10: 72 | G10: 0 | H10: 648 | I10: 72 | J10: 0 | K10: 720 | L10: 716 | M10: 0 | N10: 4
A11: 7877 | B11: MM7877 | C11: 미닛 감귤+알로+토마 180NRB 3X12 | D11: 180NRB | F11: 72 | G11: 0 | H11: 432 | I11: 50 | J11: 0 | K11: 482 | L11: 480 | M11: 0 | N11: 2
A12: 7878 | B12: MM7878 | C12: 미닛 감귤+포도+매실 180NRB 3X12 | D12: 180NRB | F12: 72 | G12: 0 | H12: 720 | I12: 0 | J12: 0 | K12: 720 | L12: 720 | M12: 0 | N12: 0
A13: 7915 | B13: MM7915 | C13: 미닛 아사+백포도알로 180NRB 3X12 | D13: 180NRB | F13: 72 | G13: 0 | H13: 0 | I13: 0 | J13: 0 | K13: 0 | L13: 0 | M13: 0 | N13: 0
A14: 5630 | B14: ZC5630 | C14: 지코 플레인 330TTR X12 | D14: NRB | F14: 240 | G14: 0 | H14: 0 | I14: 24 | J14: 0 | K14: 24 | L14: 24 | M14: 0 | N14: 0
A15: 5631 | B15: ZC5631 | C15: 지코 플레인 330TTR 3X4 | D15: NRB | F15: 180 | G15: 0 | H15: 0 | I15: 2364 | J15: 0 | K15: 2364 | L15: 2363 | M15: 0 | N15: 1
... A17: 8211 | B17: HO8211 | C17: 홍차화원 벛꽃 350PET 4X6 | D17: PET | F17: 84 | G17: 0 | H17: 2772 | I17: 66 | J17: 167 | K17: 3005 | L17: 3005 | M17: 0 | N17: 0
A18: 6194 | B18: CC6194 | C18: 코카콜라 355RGB X24 | D18: RGB | E18: 36 | G18: 0 | H18: 0 | I18: 31 | J18: 0 | K18: 31 | L18: 31 | M18: 0 | N18: 0
A19: 5490 | B19: GL5490 | C19: 글라소 파워씨 500PET X12 | D19: 글라소 | E19: 91 | G19: 0 | H19: 0 | I19: 0 | J19: 0 | K19: 0 | L19: 0 | M19: 0 | N19: 0
A20: 5492 | B20: GL5492 | C20: 글라소 에너지 500PET X12 | D20: 글라소 | E20: 91 | G20: 0 | H20: 0 | I20: 0 | J20: 0 | K20: 0 | L20: 0 | M20: 0 | N20: 0
A21: 5535 | B21: GL5535 | C21: 글라소 코코워터 355PET 4X6 | D21: 글라소 | F21: 64 | G21: 0 | H21: 0 | I21: 0 | J21: 0 | K21: 0 | L21: 0 | M21: 0 | N21: 0
A22: 5560 | B22: GL5560 | C22: 글라소 파워씨 500PET 4X6 | D22: 글라소 | F22: 56 | G22: 0 | H22: 1568 | I22: 129 | J22: 0 | K22: 1697 | L22: 1697 | M22: 0 | N22: 0
A23: 5561 | B23: GL5561 | C23: 글라소 에너지 500PET 4X6 | D23: 글라소 | F23: 56 | G23: 0 | H23: 1120 | I23: 118 | J23: 0 | K23: 1238 | L23: 1238 | M23: 0 | N23: 0
A24: 5562 | B24: GL5562 | C24: 글라소 멀티브이 500PET 4X6 | D24: 글라소 | E24: 36 | F24: 56 | G24: 0 | H24: 672 | I24: 110 | J24: 0 | K24: 782 | L24: 785 | M24: 0 | N24: -3
A25: 5563 | B25: GL5563 | C25: 글라소 XXX 500PET 4X6 | D25: 글라소 | F25: 56 | G25: 0 | H25: 168 | I25: 18 | J25: 0 | K25: 186 | L25: 186 | M25: 0 | N25: 0
A26: 5564 | B26: GL5564 | C26: 글라소 에센셜 500PET 4X6 | D26: 글라소 | F26: 56 | G26: 0 | H26: 0 | I26: 0 | J26: 0 | K26: 0 | L26: 0 | M26: 0 | N26: 0
A27: 5454 | B27: GL5454 | C27: 글라소 백포도&레몬 450PET 4X6 | D27: 글라소 | F27: 60 | G27: 0 | H27: 0 | I27: 0 | J27: 0 | K27: 0 | L27: 0 | M27: 0 | N27: 0
A28: 5455 | B28: GL5455 | C28: 글라소 복숭아&자몽 450PET 4X6 | D28: 글라소 | F28: 60 | G28: 0 | H28: 0 | I28: 0 | J28: 0 | K28: 0 | L28: 0 | M28: 0 | N28: 0
A29: 5568 | B29: GL5568 | C29: 글라소 지크리에이터 500PET 4X6 | D29: 글라소 | F29: 56 | G29: 0 | H29: 0 | I29: 0 | J29: 0 | K29: 0 | L29: 0 | M29: 0 | N29: 0
A30: 8188 | B30: TY8188 | C30: S)태양의 마테차 500PET 4X6 | D30: 마테차 | E30: 40 | F30: 63 | G30: 0 | H30: 5481 | I30: 86 | J30: 0 | K30: 5567 | L30: 5317 | M30: 252 | N30: -2
A31: 8187 | B31: TY8187 | C31: 태양의 마테차 500PET X24 | D31: 마테차 | F31: 63 | G31: 0 | H31: 0 | I31: 0 | J31: 0 | K31: 0 | L31: 0 | M31: 0 | N31: 0
A32: 8811 | B32: VS8811 | C32: 휘오 철원순수 500PET X20 | D32: 물 | E32: 72 | F32: 96 | G32: 72 | H32: 0 | I32: 26 | J32: 0 | K32: 98 | L32: 103 | M32: 0 | N32: -5 | P32: 1 | R32: 26 | T32: =(P32*E32)+(Q32*F32)+R32+S32 -> 98 | U32: =K32-T32 -> 0 | V32: =SUMIF(SAP!#REF!,월마감!B:B,SAP!#REF!) -> #REF! | W32: =T32-V32 -> #REF!
A33: 8812 | B33: VS8812 | C33: 휘오 철원순수 2.0PET X6 | D33: 물 | E33: 60 | F33: 72 | G33: 180 | H33: 0 | I33: 27 | J33: 0 | K33: 207 | L33: 208 | M33: 0 | N33: -1
A34: 8813 | B34: VS8813 | C34: SSP)휘오 철원순수 500PET X20 | D34: 물 | E34: 72 | G34: 0 | H34: 0 | I34: 0 | J34: 0 | K34: 0 | L34: 0 | M34: 0 | N34: 0
A35: 8815 | B35: VJ8815 | C35: 휘오 제주V워터 500PET X20 | D35: 물 | F35: 112 | G35: 0 | H35: 112 | I35: 72 | J35: 0 | K35: 184 | L35: 185 | M35: 0 | N35: 0
A36: 8816 | B36: VJ8816 | C36: 휘오 제주V워터 2.0PET X6 | D36: 물 | F36: 100 | G36: 0 | H36: 100 | I36: 45 | J36: 0 | K36: 145 | L36: 141 | M36: 0 | N36: 4
A37: 8830 | B37: VJ8830 | C37: 휘오 제주V워터 E 2.0PET X6(5+1) | D37: 물 | F37: 100 | G37: 0 | H37: 0 | I37: 0 | J37: 0 | K37: 0 | L37: 0 | M37: 0 | N37: 0
A38: 8794 | B38: VD8794 | C38: 휘오 다이아몬드SE 400PET X20 | D38: 물 | F38: 91 | G38: 0 | H38: 0 | I38: 0 | J38: 0 | K38: 0 | L38: 0 | M38: 0 | N38: 0
A39: 4230 | B39: SG4230 | C39: 씨그램 미네랄워터 500PET X20 | D39: 물 | E39: 72 | F39: 96 | G39: 864 | H39: 0 | I39: 186 | J39: 0 | K39: 1050 | L39: 1051 | M39: 0 | N39: -1
A40: 8702 | B40: VD8702 | C40: S)휘오 다이아스파클링 350PET 4X6 | D40: 물 | F40: 50 | G40: 0 | H40: 400 | I40: 32 | J40: 59 | K40: 491 | L40: 495 | M40: 0 | N40: -4 | Q40: 8 | R40: 32 | S40: 59 | T40: =(P40*E40)+(Q40*F40)+R40+S40 -> 491 | U40: =K40-T40 -> 0 | V40: =SUMIF(SAP!#REF!,월마감!B:B,SAP!#REF!) -> #REF! | W40: =T40-V40 -> #REF!
A41: 7142 | B41: MM7142 | C41: 미닛 조이오렌지 240CAN X30 | D41: 비탄산캔 | E41: 108 | F41: 144 | G41: 0 | H41: 0 | I41: 0 | J41: 0 | K41: 0 | L41: 0 | M41: 0 | N41: 0 | P41: 1 | T41: =(P41*E41)+(Q41*F41)+R41+S41 -> 108 | U41: =K41-T41 -> -108 | V41: =SUMIF(SAP!#REF!,월마감!B:B,SAP!#REF!) -> #REF! | W41: =T41-V41 -> #REF!
A42: 4166 | B42: SW4166 | C42: S)슈웹스 레몬토닉 350PET 4X6 | D42: 슈웹스 | E42: 40 | F42: 50 | G42: 0 | H42: 2150 | I42: 60 | J42: 7 | K42: 2217 | L42: 1958 | M42: 250 | N42: 9 | Q42: 39 | R42: =20+18+7+20 -> 65 | T42: =(P42*E42)+(Q42*F42)+R42+S42 -> 2015 | U42: =K42-T42 -> 202 | V42: =SUMIF(SAP!#REF!,월마감!B:B,SAP!#REF!) -> #REF! | W42: =T42-V42 -> #REF!
A43: 4167 | B43: SW4167 | C43: S)슈웹스 그레이프토닉 350PET 4X6 | D43: 슈웹스 | E43: 40 | F43: 50 | G43: 0 | H43: 0 | I43: 0 | J43: 0 | K43: 0 | L43: 0 | M43: 0 | N43: 0 | P43: 1 | T43: =(P43*E43)+(Q43*F43)+R43+S43 -> 40 | U43: =K43-T43 -> -40 | V43: =SUMIF(SAP!#REF!,월마감!B:B,SAP!#REF!) -> #REF! | W43: =T43-V43 -> #REF!
A44: 4169 | B44: SW4169 | C44: 슈웹스 코스모폴리탄 350PET X24 | D44: 슈웹스 | E44: 56 | F44: 50 | G44: 0 | H44: 0 | I44: 0 | J44: 0 | K44: 0 | L44: 0 | M44: 0 | N44: 0 | P44: 1 | T44: =(P44*E44)+(Q44*F44)+R44+S44 -> 56 | U44: =K44-T44 -> -56 | V44: =SUMIF(SAP!#REF!,월마감!B:B,SAP!#REF!) -> #REF! | W44: =T44-V44 -> #REF!
A45: 4193 | B45: SG4193 | C45: S)씨그램 라임350PET 4X6 | D45: 씨그램 | E45: 40 | F45: 50 | G45: 0 | H45: 3900 | I45: 90 | J45: 0 | K45: 3990 | L45: 3391 | M45: 600 | N45: -1 | P45: 1 | T45: =(P45*E45)+(Q45*F45)+R45+S45 -> 40 | U45: =K45-T45 -> 3950 | V45: =SUMIF(SAP!#REF!,월마감!B:B,SAP!#REF!) -> #REF! | W45: =T45-V45 -> #REF!
A46: 4196 | B46: SG4196 | C46: S)씨그램 레몬350PET 4X6 | D46: 씨그램 | F46: 50 | G46: 0 | H46: 2300 | I46: 38 | J46: 0 | K46: 2338 | L46: 2037 | M46: 300 | N46: 1 | P46: 1 | T46: =(P46*E46)+(Q46*F46)+R46+S46 -> 0 | U46: =K46-T46 -> 2338 | V46: =SUMIF(SAP!#REF!,월마감!B:B,SAP!#REF!) -> #REF! | W46: =T46-V46 -> #REF!
A47: 7008 | B47: MM7008 | C47: 미닛 홈스타일선물세트 1.2PET 3X4 | D47: 주스1.5 | E47: 40 | F47: 40 | G47: 0 | H47: 0 | I47: 0 | J47: 0 | K47: 0 | L47: 0 | M47: 0 | N47: 0 | P47: 1 | T47: =(P47*E47)+(Q47*F47)+R47+S47 -> 40 | U47: =K47-T47 -> -40 | V47: =SUMIF(SAP!#REF!,월마감!B:B,SAP!#REF!) -> #REF! | W47: =T47-V47 -> #REF!
A48: 6509 | B48: MM6509 | C48: S)미닛 오렌지 1.5PET 2X6 | D48: 주스1.5 | E48: 32 | F48: 44 | G48: 0 | H48: 1628 | I48: 92 | J48: 0 | K48: 1720 | L48: 1675 | M48: 44 | N48: 1 | P48: 1 | T48: =(P48*E48)+(Q48*F48)+R48+S48 -> 32 | U48: =K48-T48 -> 1688 | V48: =SUMIF(SAP!#REF!,월마감!B:B,SAP!#REF!) -> #REF! | W48: =T48-V48 -> #REF!
A49: 6510 | B49: MM6510 | C49: S)미닛 포도 1.5PET 2X6 | D49: 주스1.5 | E49: 32 | F49: 44 | G49: 0 | H49: 308 | I49: 36 | J49: 0 | K49: 344 | L49: 339 | M49: 0 | N49: 5 | Q49: 7 | R49: 36 | T49: =(P49*E49)+(Q49*F49)+R49+S49 -> 344 | U49: =K49-T49 -> 0 | V49: =SUMIF(SAP!#REF!,월마감!B:B,SAP!#REF!) -> #REF! | W49: =T49-V49 -> #REF!
A50: 6528 | B50: MM6528 | C50: 미닛 망고 1.5PET X12 | D50: 주스1.5 | E50: 32 | F50: 44 | G50: 0 | H50: 44 | I50: 1 | J50: 0 | K50: 45 | L50: 45 | M50: 0 | N50: 0 | P50: 1 | T50: =(P50*E50)+(Q50*F50)+R50+S50 -> 32 | U50: =K50-T50 -> 13 | V50: =SUMIF(SAP!#REF!,월마감!B:B,SAP!#REF!) -> #REF! | W50: =T50-V50 -> #REF!
A51: 7812 | B51: MM7812 | C51: 미닛 오렌지+감귤 1.5PET 6X2 | D51: 주스1.5 | E51: 32 | F51: 44 | G51: 0 | H51: 0 | I51: 0 | J51: 0 | K51: 0 | L51: 0 | M51: 0 | N51: 0 | P51: 1 | T51: =(P51*E51)+(Q51*F51)+R51+S51 -> 32 | U51: =K51-T51 -> -32 | V51: =SUMIF(SAP!#REF!,월마감!B:B,SAP!#REF!) -> #REF! | W51: =T51-V51 -> #REF!
A52: 7896 | B52: MM7896 | C52: 미닛 오렌+포도+알로+망고 1.5PET 3X4 | D52: 주스1.5 | F52: 32 | G52: 0 | H52: 0 | I52: 0 | J52: 0 | K52: 0 | L52: 0 | M52: 0 | N52: 0 | P52: 1 | T52: =(P52*E52)+(Q52*F52)+R52+S52 -> 0 | U52: =K52-T52 -> 0 | V52: =SUMIF(SAP!#REF!,월마감!B:B,SAP!#REF!) -> #REF! | W52: =T52-V52 -> #REF!
A53: 7900 | B53: MM7900 | C53: 미닛 오50%2+포40%+알로 1.5PETX4 | D53: 주스1.5 | E53: 32 | F53: 44 | G53: 0 | H53: 0 | I53: 0 | J53: 0 | K53: 0 | L53: 0 | M53: 0 | N53: 0 | P53: 1 | T53: =(P53*E53)+(Q53*F53)+R53+S53 -> 32 | U53: =K53-T53 -> -32 | V53: =SUMIF(SAP!#REF!,월마감!B:B,SAP!#REF!) -> #REF! | W53: =T53-V53 -> #REF!
A54: 6700 | B54: MM6700 | C54: 미닛 오렌지 350PET X24 | D54: 주스350PET | E54: 64 | G54: 0 | H54: 0 | I54: 0 | J54: 0 | K54: 0 | L54: 0 | M54: 0 | N54: 0 | P54: 1 | T54: =(P54*E54)+(Q54*F54)+R54+S54 -> 64 | U54: =K54-T54 -> -64 | V54: =SUMIF(SAP!#REF!,월마감!B:B,SAP!#REF!) -> #REF! | W54: =T54-V54 -> #REF!
A55: 6705 | B55: MM6705 | C55: S)미닛 오렌지 350PET 4X6 | D55: 주스350PET | E55: 64 | F55: 60 | G55: 0 | H55: 1380 | I55: 112 | J55: 0 | K55: 1492 | L55: 1434 | M55: 60 | N55: -2 | P55: 1 | T55: =(P55*E55)+(Q55*F55)+R55+S55 -> 64 | U55: =K55-T55 -> 1428 | V55: =SUMIF(SAP!#REF!,월마감!B:B,SAP!#REF!) -> #REF! | W55: =T55-V55 -> #REF!
A56: 7007 | B56: MM7007 | C56: S)미닛 홈스타일오렌지 300PET 4X6 | D56: 주스350PET | F56: 60 | G56: 0 | H56: 480 | I56: 31 | J56: 0 | K56: 511 | L56: 512 | M56: 0 | N56: -1 | P56: 1 | T56: =(P56*E56)+(Q56*F56)+R56+S56 -> 0 | U56: =K56-T56 -> 511 | V56: =SUMIF(SAP!#REF!,월마감!B:B,SAP!#REF!) -> #REF! | W56: =T56-V56 -> #REF!
A57: 7005 | B57: MM7005 | C57: S)미닛 홈스타일자몽 300PET 4X6 | D57: 주스350PET | F57: 60 | G57: 0 | H57: 720 | I57: 102 | J57: 0 | K57: 822 | L57: 762 | M57: 60 | N57: 0 | P57: 1 | T57: =(P57*E57)+(Q57*F57)+R57+S57 -> 0 | U57: =K57-T57 -> 822 | V57: =SUMIF(SAP!#REF!,월마감!B:B,SAP!#REF!) -> #REF! | W57: =T57-V57 -> #REF!
A58: 7004 | B58: MM7004 | C58: 미닛 홈스타일자몽 300PET X24 | D58: 주스350PET | F58: 91 | G58: 0 | H58: 0 | I58: 0 | J58: 0 | K58: 0 | L58: 0 | M58: 0 | N58: 0 | P58: 1 | T58: =(P58*E58)+(Q58*F58)+R58+S58 -> 0 | U58: =K58-T58 -> 0 | V58: =SUMIF(SAP!#REF!,월마감!B:B,SAP!#REF!) -> #REF! | W58: =T58-V58 -> #REF!
A59: 7003 | B59: MM7003 | C59: 미닛 홈스타일오렌지 300PET X24 | D59: 주스350PET | F59: 72 | G59: 0 | H59: 0 | I59: 0 | J59: 0 | K59: 0 | L59: 0 | M59: 0 | N59: 0 | P59: 1 | T59: =(P59*E59)+(Q59*F59)+R59+S59 -> 0 | U59: =K59-T59 -> 0 | V59: =SUMIF(SAP!#REF!,월마감!B:B,SAP!#REF!) -> #REF! | W59: =T59-V59 -> #REF!
A60: 0008 | B60: MM0008 | C60: MM 오리진 레몬 300PET 4X6 | D60: 주스350PET | F60: 60 | G60: 0 | H60: 420 | I60: 40 | J60: 0 | K60: 460 | L60: 460 | M60: 0 | N60: 0 | P60: 1 | T60: =(P60*E60)+(Q60*F60)+R60+S60 -> 0 | U60: =K60-T60 -> 460 | V60: =SUMIF(SAP!#REF!,월마감!B:B,SAP!#REF!) -> #REF! | W60: =T60-V60 -> #REF!
A61: 0005 | B61: MM0005 | C61: MM 오리진 자몽 300PET X24 | D61: 주스350PET | F61: 91 | G61: 0 | H61: 0 | I61: 45 | J61: 0 | K61: 45 | L61: 45 | M61: 0 | N61: 0 | P61: 1 | T61: =(P61*E61)+(Q61*F61)+R61+S61 -> 0 | U61: =K61-T61 -> 45 | V61: =SUMIF(SAP!#REF!,월마감!B:B,SAP!#REF!) -> #REF! | W61: =T61-V61 -> #REF!
A62: 8422 | B62: MM8422 | C62: 미닛 알로에 350PET X24 | D62: 주스350PET | E62: 64 | F62: 80 | G62: 0 | H62: 0 | I62: 16 | J62: 0 | K62: 16 | L62: 18 | M62: 0 | N62: -2 | P62: 1 | T62: =(P62*E62)+(Q62*F62)+R62+S62 -> 64 | U62: =K62-T62 -> -48 | V62: =SUMIF(SAP!#REF!,월마감!B:B,SAP!#REF!) -> #REF! | W62: =T62-V62 -> #REF!
A63: 5325 | B63: MM5325 | C63: S)미닛 퓨레망고 300PET 4X6 | D63: 주스350PET | F63: 60 | G63: 0 | H63: 0 | I63: 0 | J63: 0 | K63: 0 | L63: 0 | M63: 0 | N63: 0 | P63: 1 | T63: =(P63*E63)+(Q63*F63)+R63+S63 -> 0 | U63: =K63-T63 -> 0 | V63: =SUMIF(SAP!#REF!,월마감!B:B,SAP!#REF!) -> #REF! | W63: =T63-V63 -> #REF!
A64: 771 | B64: GD7687 | C64: 골든드랍 나는오리지날 175CAN X30 | D64: 커피175캔 | E64: 126 | F64: 156 | G64: 0 | H64: 0 | I64: 0 | J64: 0 | K64: 0 | L64: 0 | M64: 0 | N64: 0 | P64: 1 | T64: =(P64*E64)+(Q64*F64)+R64+S64 -> 126 | U64: =K64-T64 -> -126 | V64: =SUMIF(SAP!#REF!,월마감!B:B,SAP!#REF!) -> #REF! | W64: =T64-V64 -> #REF!
A65: 4877 | B65: GG4877 | C65: 조지아 오리지널 175CAN X30 | D65: 커피175캔 | E65: 126 | G65: 0 | H65: 0 | I65: 0 | J65: 0 | K65: 0 | L65: 0 | M65: 0 | N65: 0 | P65: 1 | T65: =(P65*E65)+(Q65*F65)+R65+S65 -> 126 | U65: =K65-T65 -> -126 | V65: =SUMIF(SAP!#REF!,월마감!B:B,SAP!#REF!) -> #REF! | W65: =T65-V65 -> #REF!
A66: 4971 | B66: GG4971 | C66: 조지아 리틀카페 175CAN X30 | D66: 커피175캔 | E66: 126 | G66: 0 | H66: 0 | I66: 0 | J66: 0 | K66: 0 | L66: 0 | M66: 0 | N66: 0 | P66: 1 | T66: =(P66*E66)+(Q66*F66)+R66+S66 -> 126 | U66: =K66-T66 -> -126 | V66: =SUMIF(SAP!#REF!,월마감!B:B,SAP!#REF!) -> #REF! | W66: =T66-V66 -> #REF!
A67: 4972 | B67: GG4972 | C67: 조지아 리틀카페 175CAN 5X6 | D67: 커피175캔 | E67: 126 | F67: 156 | G67: 0 | H67: 0 | I67: 0 | J67: 0 | K67: 0 | L67: 0 | M67: 0 | N67: 0 | P67: 1 | T67: =(P67*E67)+(Q67*F67)+R67+S67 -> 126 | U67: =K67-T67 -> -126 | V67: =SUMIF(SAP!#REF!,월마감!B:B,SAP!#REF!) -> #REF! | W67: =T67-V67 -> #REF!
A68: 4973 | B68: GG4973 | C68: 조지아 리틀카페 200CAN X30 | D68: 커피200캔 | E68: 108 | G68: 0 | H68: 0 | I68: 0 | J68: 0 | K68: 0 | L68: 0 | M68: 0 | N68: 0 | P68: 1 | T68: =(P68*E68)+(Q68*F68)+R68+S68 -> 108 | U68: =K68-T68 -> -108 | V68: =SUMIF(SAP!#REF!,월마감!B:B,SAP!#REF!) -> #REF! | W68: =T68-V68 -> #REF!
A69: 4974 | B69: GG4974 | C69: 조지아 리틀카페 200CAN 5X6 | D69: 커피200캔 | E69: 108 | F69: 144 | G69: 0 | H69: 0 | I69: 0 | J69: 0 | K69: 0 | L69: 0 | M69: 0 | N69: 0 | P69: 1 | T69: =(P69*E69)+(Q69*F69)+R69+S69 -> 108 | U69: =K69-T69 -> -108 | V69: =SUMIF(SAP!#REF!,월마감!B:B,SAP!#REF!) -> #REF! | W69: =T69-V69 -> #REF!
A70: 8264 | B70: GG8264 | C70: 조지아 카페마일드 200CAN 5X6 | D70: 커피200캔 | E70: 108 | F70: 144 | G70: 0 | H70: 1440 | I70: 74 | J70: 0 | K70: 1514 | L70: 1518 | M70: 0 | N70: -4 | Q70: 10 | R70: =12+18+13+31 -> 74 | T70: =(P70*E70)+(Q70*F70)+R70+S70 -> 1514 | U70: =K70-T70 -> 0 | V70: =SUMIF(SAP!#REF!,월마감!B:B,SAP!#REF!) -> #REF! | W70: =T70-V70 -> #REF!
A71: 8099 | B71: GG8099 | C71: 조지아 고티카라떼 200CAN 5X6 | D71: 커피200캔 | F71: 144 | G71: 0 | H71: 0 | I71: 0 | J71: 0 | K71: 0 | L71: 0 | M71: 0 | N71: 0 | P71: 1 | T71: =(P71*E71)+(Q71*F71)+R71+S71 -> 0 | U71: =K71-T71 -> 0 | V71: =SUMIF(SAP!#REF!,월마감!B:B,SAP!#REF!) -> #REF! | W71: =T71-V71 -> #REF!
A72: 4868 | B72: GG4868 | C72: 조지아 오리지널 240CAN X30 | D72: 커피240캔 | E72: 99 | G72: 0 | H72: 0 | I72: 0 | J72: 0 | K72: 0 | L72: 0 | M72: 0 | N72: 0 | P72: 1 | T72: =(P72*E72)+(Q72*F72)+R72+S72 -> 99 | U72: =K72-T72 -> -99 | V72: =SUMIF(SAP!#REF!,월마감!B:B,SAP!#REF!) -> #REF! | W72: =T72-V72 -> #REF!
A73: 4869 | B73: GG4869 | C73: 조지아 카페라테 240CAN X30 | D73: 커피240캔 | E73: 99 | G73: 0 | H73: 0 | I73: 0 | J73: 0 | K73: 0 | L73: 0 | M73: 0 | N73: 0 | P73: 1 | T73: =(P73*E73)+(Q73*F73)+R73+S73 -> 99 | U73: =K73-T73 -> -99 | V73: =SUMIF(SAP!#REF!,월마감!B:B,SAP!#REF!) -> #REF! | W73: =T73-V73 -> #REF!
A74: 4872 | B74: GG4872 | C74: 조지아 오리지널 240CAN 5X6 | D74: 커피240캔 | E74: 99 | F74: 132 | G74: 0 | H74: 5016 | I74: 278 | J74: 0 | K74: 5294 | L74: 2922 | M74: 2376 | N74: -3 | P74: 1 | T74: =(P74*E74)+(Q74*F74)+R74+S74 -> 99 | U74: =K74-T74 -> 5195 | V74: =SUMIF(SAP!#REF!,월마감!B:B,SAP!#REF!) -> #REF! | W74: =T74-V74 -> #REF!
A75: 4879 | B75: GG4879 | C75: 조지아 카페라테 240CAN 5X6 | D75: 커피240캔 | E75: 99 | F75: 132 | G75: 0 | H75: 3036 | I75: 94 | J75: 33 | K75: 3163 | L75: 3165 | M75: 0 | N75: -1 | P75: 1 | T75: =(P75*E75)+(Q75*F75)+R75+S75 -> 99 | U75: =K75-T75 -> 3064 | V75: =SUMIF(SAP!#REF!,월마감!B:B,SAP!#REF!) -> #REF! | W75: =T75-V75 -> #REF!
A76: 4885 | B76: GG4885 | C76: 조지아 맥스 240CAN X30 | D76: 커피240캔 | E76: 99 | G76: 0 | H76: 0 | I76: 0 | J76: 0 | K76: 0 | L76: 0 | M76: 0 | N76: 0 | P76: 1 | T76: =(P76*E76)+(Q76*F76)+R76+S76 -> 99 | U76: =K76-T76 -> -99 | V76: =SUMIF(SAP!#REF!,월마감!B:B,SAP!#REF!) -> #REF! | W76: =T76-V76 -> #REF!
A77: 4899 | B77: GG4899 | C77: 조지아 맥스 240CAN 5X6 | D77: 커피240캔 | E77: 99 | F77: 132 | G77: 0 | H77: 2508 | I77: 388 | J77: 0 | K77: 2896 | L77: 2896 | M77: 0 | N77: 0 | P77: 1 | T77: =(P77*E77)+(Q77*F77)+R77+S77 -> 99 | U77: =K77-T77 -> 2797 | V77: =SUMIF(SAP!#REF!,월마감!B:B,SAP!#REF!) -> #REF! | W77: =T77-V77 -> #REF!
A78: 4978 | B78: GG4978 | C78: 조지아 카라멜마끼 240CAN X30 | D78: 커피240캔 | E78: 99 | G78: 0 | H78: 0 | I78: 0 | J78: 0 | K78: 0 | L78: 0 | M78: 0 | N78: 0 | P78: 1 | T78: =(P78*E78)+(Q78*F78)+R78+S78 -> 99 | U78: =K78-T78 -> -99 | V78: =SUMIF(SAP!#REF!,월마감!B:B,SAP!#REF!) -> #REF! | W78: =T78-V78 -> #REF!
A79: 4982 | B79: GG4982 | C79: 조지아 카페오레 240CAN X30 | D79: 커피240캔 | E79: 99 | G79: 0 | H79: 0 | I79: 0 | J79: 0 | K79: 0 | L79: 0 | M79: 0 | N79: 0 | P79: 1 | T79: =(P79*E79)+(Q79*F79)+R79+S79 -> 99 | U79: =K79-T79 -> -99 | V79: =SUMIF(SAP!#REF!,월마감!B:B,SAP!#REF!) -> #REF! | W79: =T79-V79 -> #REF!
A80: 4983 | B80: GG4983 | C80: 조지아 카페오레 240CAN 5X6 | D80: 커피240캔 | E80: 99 | F80: 132 | G80: 0 | H80: 0 | I80: 0 | J80: 0 | K80: 0 | L80: 0 | M80: 0 | N80: 0 | P80: 1 | T80: =(P80*E80)+(Q80*F80)+R80+S80 -> 99 | U80: =K80-T80 -> -99 | V80: =SUMIF(SAP!#REF!,월마감!B:B,SAP!#REF!) -> #REF! | W80: =T80-V80 -> #REF!
A81: 8146 | B81: GG8146 | C81: S)조지아 EMB더블랙 270BTC 4X6 | D81: 커피270 | F81: 88 | G81: 0 | H81: 0 | I81: 0 | J81: 0 | K81: 0 | L81: 0 | M81: 0 | N81: 0 | P81: 1 | T81: =(P81*E81)+(Q81*F81)+R81+S81 -> 0 | U81: =K81-T81 -> 0 | V81: =SUMIF(SAP!#REF!,월마감!B:B,SAP!#REF!) -> #REF! | W81: =T81-V81 -> #REF!
A82: 8147 | B82: GG8147 | C82: S)조지아 EMB에스 270BTC 4X6 | D82: 커피270 | F82: 88 | G82: 0 | H82: 0 | I82: 0 | J82: 0 | K82: 0 | L82: 0 | M82: 0 | N82: 0 | P82: 1 | T82: =(P82*E82)+(Q82*F82)+R82+S82 -> 0 | U82: =K82-T82 -> 0 | V82: =SUMIF(SAP!#REF!,월마감!B:B,SAP!#REF!) -> #REF! | W82: =T82-V82 -> #REF!
A83: 8148 | B83: GG8148 | C83: S)조지아 EMB라떼 270BTC 4X6 | D83: 커피270 | F83: 88 | G83: 0 | H83: 0 | I83: 0 | J83: 0 | K83: 0 | L83: 0 | M83: 0 | N83: 0 | P83: 1 | T83: =(P83*E83)+(Q83*F83)+R83+S83 -> 0 | U83: =K83-T83 -> 0 | V83: =SUMIF(SAP!#REF!,월마감!B:B,SAP!#REF!) -> #REF! | W83: =T83-V83 -> #REF!
A84: 8082 | B84: GG8082 | C84: S)조지아 고티카블랙 270BTC 4X6 | D84: 커피270 | F84: 88 | G84: 0 | H84: 1936 | I84: 208 | J84: 0 | K84: 2144 | L84: 2050 | M84: 88 | N84: 6 | Q84: =10+12 -> 22 | R84: =36+48+59+62 -> 205 | T84: =(P84*E84)+(Q84*F84)+R84+S84 -> 2141 | U84: =K84-T84 -> 3 | V84: =SUMIF(SAP!#REF!,월마감!B:B,SAP!#REF!) -> #REF! | W84: =T84-V84 -> #REF!
A85: 8084 | B85: GG8084 | C85: S)조지아 고티카라떼 270BTC 4X6 | D85: 커피270 | E85: 40 | F85: 88 | G85: 0 | H85: 0 | I85: 0 | J85: 0 | K85: 0 | L85: 0 | M85: 0 | N85: 0 | P85: 1 | T85: =(P85*E85)+(Q85*F85)+R85+S85 -> 40 | U85: =K85-T85 -> -40 | V85: =SUMIF(SAP!#REF!,월마감!B:B,SAP!#REF!) -> #REF! | W85: =T85-V85 -> #REF!
A86: 8086 | B86: GG8086 | C86: S)조지아 고티카아메 270BTC 4X6 | D86: 커피270 | F86: 88 | G86: 0 | H86: 968 | I86: 190 | J86: 0 | K86: 1158 | L86: 1158 | M86: 0 | N86: 0 | P86: 1 | T86: =(P86*E86)+(Q86*F86)+R86+S86 -> 0 | U86: =K86-T86 -> 1158 | V86: =SUMIF(SAP!#REF!,월마감!B:B,SAP!#REF!) -> #REF! | W86: =T86-V86 -> #REF!
A87: 8167 | B87: GG8167 | C87: S)고티카 마스터스 라떼270B 4X6 | D87: 커피270 | F87: 88 | G87: 0 | H87: 968 | I87: 202 | J87: 0 | K87: 1170 | L87: 1085 | M87: 88 | N87: -3 | P87: 1 | T87: =(P87*E87)+(Q87*F87)+R87+S87 -> 0 | U87: =K87-T87 -> 1170 | V87: =SUMIF(SAP!#REF!,월마감!B:B,SAP!#REF!) -> #REF! | W87: =T87-V87 -> #REF!
A88: 8085 | B88: GG8085 | C88: 조지아 고티카아메 270BTC X20 | D88: 커피270 | F88: 110 | G88: 0 | H88: 0 | I88: 0 | J88: 0 | K88: 0 | L88: 0 | M88: 0 | N88: 0 | P88: 1 | T88: =(P88*E88)+(Q88*F88)+R88+S88 -> 0 | U88: =K88-T88 -> 0 | V88: =SUMIF(SAP!#REF!,월마감!B:B,SAP!#REF!) -> #REF! | W88: =T88-V88 -> #REF!
A89: 8072 | B89: GG8072 | C89: S)조지아 고티카블랙 390BTC 4X6 | D89: 커피390 | F89: 64 | G89: 0 | H89: 1024 | I89: 61 | J89: 0 | K89: 1085 | L89: 1083 | M89: 0 | N89: 2 | P89: 1 | T89: =(P89*E89)+(Q89*F89)+R89+S89 -> 0 | U89: =K89-T89 -> 1085 | V89: =SUMIF(SAP!#REF!,월마감!B:B,SAP!#REF!) -> #REF! | W89: =T89-V89 -> #REF!
A90: 8074 | B90: GG8074 | C90: S)조지아 고티카아메 390BTC 4X6 | D90: 커피390 | F90: 64 | G90: 0 | H90: 704 | I90: 64 | J90: 0 | K90: 768 | L90: 772 | M90: 0 | N90: -4 | Q90: 11 | R90: =42+22 -> 64 | T90: =(P90*E90)+(Q90*F90)+R90+S90 -> 768 | U90: =K90-T90 -> 0 | V90: =SUMIF(SAP!#REF!,월마감!B:B,SAP!#REF!) -> #REF! | W90: =T90-V90 -> #REF!
A91: GG8143 | B91: GG8143 | C91: S)고티카 마스터스 라떼390B 4X6 | D91: 커피390 | F91: 64 | G91: 0 | H91: 64 | I91: 79 | J91: 13 | K91: 156 | L91: 145 | M91: 0 | N91: 11 | Q91: 1 | R91: =50+18+11 -> 79 | T91: =(P91*E91)+(Q91*F91)+R91+S91 -> 143 | U91: =K91-T91 -> 13 | V91: =SUMIF(SAP!#REF!,월마감!B:B,SAP!#REF!) -> #REF! | W91: =T91-V91 -> #REF!
A92: 62 | B92: CC0062 | C92: QSR)코카콜라 1.25PET X12 | D92: 탄산1.25PET | G92: 0 | H92: 0 | I92: 0 | J92: 0 | K92: 0 | L92: 0 | M92: 0 | N92: 0 | P92: 1 | T92: =(P92*E92)+(Q92*F92)+R92+S92 -> 0 | U92: =K92-T92 -> 0 | V92: =SUMIF(SAP!#REF!,월마감!B:B,SAP!#REF!) -> #REF! | W92: =T92-V92 -> #REF!
A93: 5618 | B93: CT5618 | C93: 코크+환타오렌지 1.25PET 6X2 | D93: 탄산1.25PET | F93: 44 | G93: 0 | H93: 0 | I93: 0 | J93: 0 | K93: 0 | L93: 0 | M93: 0 | N93: 0 | P93: 1 | T93: =(P93*E93)+(Q93*F93)+R93+S93 -> 0 | U93: =K93-T93 -> 0 | V93: =SUMIF(SAP!#REF!,월마감!B:B,SAP!#REF!) -> #REF! | W93: =T93-V93 -> #REF!
A94: 4549 | B94: AB4549 | C94: 암바사 1.5PET X12 | D94: 탄산1.5PET | E94: 32 | F94: 44 | G94: 0 | H94: 0 | I94: 0 | J94: 0 | K94: 0 | L94: 0 | M94: 0 | N94: 0 | P94: 1 | T94: =(P94*E94)+(Q94*F94)+R94+S94 -> 32 | U94: =K94-T94 -> -32 | V94: =SUMIF(SAP!#REF!,월마감!B:B,SAP!#REF!) -> #REF! | W94: =T94-V94 -> #REF!
A95: 6309 | B95: CC6309 | C95: 코카콜라 1.5PET X12 | D95: 탄산1.5PET | E95: 40 | F95: 44 | G95: 0 | H95: 0 | I95: 0 | J95: 0 | K95: 0 | L95: 0 | M95: 0 | N95: 0 | P95: 1 | T95: =(P95*E95)+(Q95*F95)+R95+S95 -> 40 | U95: =K95-T95 -> -40 | V95: =SUMIF(SAP!#REF!,월마감!B:B,SAP!#REF!) -> #REF! | W95: =T95-V95 -> #REF!
A96: 6335 | B96: FT6335 | C96: 환타 파인 1.5PET X12 | D96: 탄산1.5PET | E96: 32 | G96: 0 | H96: 0 | I96: 16 | J96: 0 | K96: 16 | L96: 16 | M96: 0 | N96: 0 | P96: 1 | T96: =(P96*E96)+(Q96*F96)+R96+S96 -> 32 | U96: =K96-T96 -> -16 | V96: =SUMIF(SAP!#REF!,월마감!B:B,SAP!#REF!) -> #REF! | W96: =T96-V96 -> #REF!
A97: 6344 | B97: FT6344 | C97: 환타 오렌지 1.5PET X12 | D97: 탄산1.5PET | E97: 32 | G97: 0 | H97: 0 | I97: 0 | J97: 0 | K97: 0 | L97: 0 | M97: 0 | N97: 0 | P97: 1 | T97: =(P97*E97)+(Q97*F97)+R97+S97 -> 32 | U97: =K97-T97 -> -32 | V97: =SUMIF(SAP!#REF!,월마감!B:B,SAP!#REF!) -> #REF! | W97: =T97-V97 -> #REF!
A98: 7532 | B98: CC7532 | C98: 코크제로 1.5PET X12 | D98: 탄산1.5PET | E98: 40 | G98: 0 | H98: 0 | I98: 28 | J98: 0 | K98: 28 | L98: 30 | M98: 0 | N98: -2 | P98: 1 | T98: =(P98*E98)+(Q98*F98)+R98+S98 -> 40 | U98: =K98-T98 -> -12 | V98: =SUMIF(SAP!#REF!,월마감!B:B,SAP!#REF!) -> #REF! | W98: =T98-V98 -> #REF!
A99: 6120 | B99: SP6120 | C99: S)스프라이트 1.5PET 2X6 | D99: 탄산1.5PET | E99: 32 | F99: 44 | G99: 0 | H99: 572 | I99: 48 | J99: 0 | K99: 620 | L99: 533 | M99: 88 | N99: -1 | P99: 1 | T99: =(P99*E99)+(Q99*F99)+R99+S99 -> 32 | U99: =K99-T99 -> 588 | V99: =SUMIF(SAP!#REF!,월마감!B:B,SAP!#REF!) -> #REF! | W99: =T99-V99 -> #REF!
A100: 6349 | B100: FT6349 | C100: S)환타 오렌지 1.5PET 2X6 | D100: 탄산1.5PET | E100: 32 | F100: 33 | G100: 0 | H100: 2277 | I100: 66 | J100: 0 | K100: 2343 | L100: 1914 | M100: 429 | N100: 0 | P100: 1 | T100: =(P100*E100)+(Q100*F100)+R100+S100 -> 32 | U100: =K100-T100 -> 2311 | V100: =SUMIF(SAP!#REF!,월마감!B:B,SAP!#REF!) -> #REF! | W100: =T100-V100 -> #REF!
A101: 7923 | B101: CC7923 | C101: S)코카콜라 1.5PET 2X6 | D101: 탄산1.5PET | E101: 32 | F101: 44 | G101: 0 | H101: 7788 | I101: 34 | J101: 0 | K101: 7822 | L101: 5315 | M101: 2508 | N101: -1 | P101: 1 | T101: =(P101*E101)+(Q101*F101)+R101+S101 -> 32 | U101: =K101-T101 -> 7790 | V101: =SUMIF(SAP!#REF!,월마감!B:B,SAP!#REF!) -> #REF! | W101: =T101-V101 -> #REF!
A102: 4487 | B102: CT4487 | C102: 코크+환타오렌지 1.5PET 6X2 | D102: 탄산1.5PET | E102: 32 | F102: 44 | G102: 0 | H102: 0 | I102: 0 | J102: 0 | K102: 0 | L102: 0 | M102: 0 | N102: 0 | P102: 1 | T102: =(P102*E102)+(Q102*F102)+R102+S102 -> 32 | U102: =K102-T102 -> -32 | V102: =SUMIF(SAP!#REF!,월마감!B:B,SAP!#REF!) -> #REF! | W102: =T102-V102 -> #REF!
...

Sheet 제품등록
A1: 구코드 | B1: 신코드 | C1: 제품명 | D1: 내부소비기한(일) (QA기준) | E1: 내부소비기한 (SCM기준) | F1: 법적유효기간(일) | G1: 유효잔여일
A2: 4218 | B2: AB4218 | C2: 암바사 345CAN X24 | D2: 183 | E2: 182.5 | F2: 365 | G2: 182
A3: 4219 | B3: AB4219 | C3: 암바사 345CAN 4X6 | D3: 183 | E3: 182.5 | F3: 365 | G3: 182
A4: 4224 | B4: AB4224 | C4: 암바사 500PET X24 | D4: 84 | E4: 182.5 | F4: 365 | G4: 281
A5: 4225 | B5: AB4225 | C5: 암바사 350PET X24 | D5: 84 | E5: 182.5 | F5: 365 | G5: 281
A6: 4226 | B6: AB4226 | C6: 암바사350(4X6) | D6: 84 | E6: 182.5 | F6: 365 | G6: 281
A7: 4549 | B7: AB4549 | C7: 암바사화이트1.5PET X12 | D7: 98 | E7: 182.5 | F7: 365 | G7: 267
A8: 4833 | B8: AB4833 | C8: 암바사화이트250CAN 5X6 | D8: 183 | E8: 182.5 | F8: 365 | G8: 182
A9: 4834 | B9: AB4834 | C9: 암바사화이트250CAN X30 | D9: 183 | E9: 182.5 | F9: 365 | G9: 182
A10: 4845 | B10: AB4845 | C10: 암바사 SSP 250CAN X30 | D10: 183 | E10: 182.5 | F10: 365 | G10: 182
A11: 4859 | B11: AB4859 | C11: 암바사 SSP 355CAN X24 | D11: 183 | E11: 182.5 | F11: 365 | G11: 182
A12: 5752 | B12: AB5752 | C12: 암바사 300PET X24 | D12: 70 | E12: 182.5 | F12: 365 | G12: 295
A13: 4340 | B13: AD4340 | C13: 아데스 아몬드 오리지널 210PET X24 | D13: 152 | E13: 152 | F13: 304 | G13: 152
... A40: 1210 | B40: CA1210 | C40: 캐 클럽소다250CAN X30 | D40: 365 | E40: 365 | F40: 730 | G40: 365
A41: CC0001 | B41: CC0001 | C41: 온)코카콜라 390PET X20 | D41: 70 | E41: 182.5 | F41: 365 | G41: 295
A42: 62 | B42: CC0062 | C42: 코카-콜라 1.25PET X12 | D42: 98 | E42: 182.5 | F42: 365 | G42: 267
A43: 360 | B43: CC0360 | C43: 코카-콜라 20LBIB PMX | D43: 75 | E43: 91.5 | F43: 183 | G43: 108
A44: 446 | B44: CC0446 | C44: 코카콜라 350CAN X24 | D44: 365 | E44: 365 | F44: 730 | G44: 365
A45: 447 | B45: CC0447 | C45: 코카-콜라 355CAN X24 | D45: 365 | E45: 365 | F45: 730 | G45: 365
A46: 448 | B46: CC0448 | C46: 코카콜라-치킨355C X24 | D46: 365 | E46: 365 | F46: 730 | G46: 365
A47: 0449 | B47: CC0449 | C47: 코카콜라 330CAN X24 | D47: 365 | E47: 365 | F47: 730 | G47: 365
A48: 0451 | B48: CC0451 | C48: 코카콜라 330CAN 4X6 | D48: 365 | E48: 365 | F48: 730 | G48: 365
A49: 453 | B49: CC0453 | C49: 코카콜라 330CAN 4X6(4+2) | D49: 365 | E49: 365 | F49: 730 | G49: 365
A50: 1300 | B50: CC1300 | C50: 코카콜라SW 250CAN 5X6 | D50: 365 | E50: 365 | F50: 730 | G50: 365
A51: 1305 | B51: CC1305 | C51: 코카-콜라 315CAN 4X6 | D51: 365 | E51: 365 | F51: 730 | G51: 365
A52: 63 | B52: CC1333 | C52: M&P)코카-콜라1.25P X12 | D52: 98 | E52: 182.5 | F52: 365 | G52: 267
A53: 1333 | B53: CC1333 | C53: 코카콜라HP 1.25PETX12 | D53: 98 | E53: 182.5 | F53: 365 | G53: 267
A54: 1511 | B54: CC1511 | C54: 커피 코카콜라 250CAN X30 | D54: 365 | E54: 365 | F54: 730 | G54: 365
A55: 1512 | B55: CC1512 | C55: 커피 코카콜라 250CAN 5X6 | D55: 365 | E55: 365 | F55: 730 | G55: 365
A56: 1518 | B56: CC1518 | C56: 체리 코크 355CAN X24 | D56: 365 | E56: 365 | F56: 730 | G56: 365
A57: 1521 | B57: CC1521 | C57: 체리 코크(S) 355C 4X6 | D57: 365 | E57: 365 | F57: 730 | G57: 365
A58: 2430 | B58: CC2430 | C58: 코카콜라 185CAN X30 | D58: 365 | E58: 365 | F58: 730 | G58: 365
A59: 2440 | B59: CC2440 | C59: 코카-콜라 185CAN 5X6 | D59: 365 | E59: 365 | F59: 730 | G59: 365
A60: 2444 | B60: CC2444 | C60: 코카-콜라185C 5X6(4+2) | D60: 365 | E60: 365 | F60: 730 | G60: 365
... A118: 4623 | B118: CC4623 | C118: 보100)코카콜라 190RGB X24 | D118: 365 | E118: 365 | F118: 730 | G118: 365
A119: CC4634 | B119: CC4634 | C119: 코카콜라(B) 265NRB X24 | D119: 365 | E119: 365 | F119: 730 | G119: 365
A120: CC4635 | B120: CC4635 | C120: 코카콜라(A) 265NRB X24 | D120: 365 | E120: 365 | F120: 730 | G120: 365
A121: 4636 | B121: CC4636 | C121: 코카콜라 폴라베어 250NRB X24 | D121: 365 | E121: 365 | F121: 730 | G121: 365
A122: 4643 | B122: CC4643 | C122: 코카콜라 산타250NRB X24 | D122: 365 | E122: 365 | F122: 730 | G122: 365
A123: 4660 | B123: CC4660 | C123: 코크폴라베어250CAN 5X6 | D123: 365 | E123: 365 | F123: 730 | G123: 365
A124: 4663 | B124: CC4663 | C124: 코크폴라베어250BTC X24 | D124: 365 | E124: 365 | F124: 730 | G124: 365
A125: 4665 | B125: CC4665 | C125: 코카콜라한국250NRB X24 | D125: 365 | E125: 365 | F125: 730 | G125: 365
A126: 4666 | B126: CC4666 | C126: 코카콜라브라질250NRB X24 | D126: 365 | E126: 365 | F126: 730 | G126: 365
A127: 4667 | B127: CC4667 | C127: 코카콜라프랑스250NRB X24 | D127: 365 | E127: 365 | F127: 730 | G127: 365
A128: 4668 | B128: CC4668 | C128: 코카콜라독일250NRB X24 | D128: 365 | E128: 365 | F128: 730 | G128: 365
A129: 4669 | B129: CC4669 | C129: 코카콜라잉글랜250NRB X24 | D129: 365 | E129: 365 | F129: 730 | G129: 365
A130: 4670 | B130: CC4670 | C130: 코카콜라스페인250NRB X24 | D130: 365 | E130: 365 | F130: 730 | G130: 365
A131: 4671 | B131: CC4671 | C131: 코카콜라월드컵250NRB 4X6 | D131: 365 | E131: 365 | F131: 730 | G131: 365
A132: 4681 | B132: CC4681 | C132: 코카콜라1920 250NRB X24 | D132: 365 | E132: 365 | F132: 730 | G132: 365
... A179: 5700 | B179: CC5700 | C179: 코카-콜라 250BTC X24 | D179: 365 | E179: 365 | F179: 730 | G179: 365
A180: CC5701 | B180: CC5701 | C180: 코크 골드250BTC X24 | D180: 365 | E180: 365 | F180: 730 | G180: 365
A181: 5702 | B181: CC5702 | C181: 코카-콜라 250BTC X16 | D181: 365 | E181: 365 | F181: 730 | G181: 365
A182: cc5703 | B182: cc5703 | C182: 코카콜라 한국 250BTC X24 | D182: 365 | E182: 365 | F182: 730 | G182: 365
A183: 5704 | B183: CC5704 | C183: 코카-콜라 500BTC X12 | D183: 365 | E183: 365 | F183: 730 | G183: 365
A184: 5707 | B184: CC5707 | C184: 코카 콜라 300BTC X20 | D184: 365 | E184: 365 | F184: 730 | G184: 365
A185: CC5709 | B185: CC5709 | C185: 코크-리본250BTC | D185: 365 | E185: 365 | F185: 730 | G185: 365
A186: 5710 | B186: CC5710 | C186: 코카 콜라 300PET X24 | D186: 70 | E186: 182.5 | F186: 365 | G186: 295
A187: 5711 | B187: CC5711 | C187: 코크 제로 300PET X24 | D187: 70 | E187: 182.5 | F187: 365 | G187: 295
A188: 5714 | B188: CC5714 | C188: 코카콜라 벚꽃 250BTC X24 | D188: 365 | E188: 365 | F188: 730 | G188: 365
A189: 5717 | B189: CC5717 | C189: 코카콜라소분300PET 4X6 | D189: 70 | E189: 182.5 | F189: 365 | G189: 295
A190: 5721 | B190: CC5721 | C190: 코카콜라 300PET X12 | D190: 70 | E190: 182.5 | F190: 365 | G190: 295
A191: 5727 | B191: CC5727 | C191: 코카콜라 카카오 250BTC X24 | D191: 365 | E191: 365 | F191: 730 | G191: 365
A192: 5729 | B192: CC5729 | C192: 코카콜라 300PET 2X12 | D192: 70 | E192: 182.5 | F192: 365 | G192: 295
A193: 5732 | B193: CC5732 | C193: 코카-콜라 600PET X24 | D193: 84 | E193: 182.5 | F193: 365 | G193: 281
A194: 5738 | B194: CC5738 | C194: S)코카-콜라600P X12(C-C | D194: 84 | E194: 182.5 | F194: 365 | G194: 281
A195: 5757 | B195: CC5757 | C195: 코카콜라 215CAN 5X6 | D195: 365 | E195: 365 | F195: 730 | G195: 365
A196: 5761 | B196: CC5761 | C196: 코카콜라 215CAN X30 | D196: 365 | E196: 365 | F196: 730 | G196: 365
A197: 5762 | B197: CC5762 | C197: 코카콜라 215CAN X12 | D197: 365 | E197: 365 | F197: 730 | G197: 365
... A295: 2534 | B295: FT2534 | C295: 환타 제로 파인 355CAN 4X6 | D295: 183 | E295: 182.5 | F295: 365 | G295: 182
A296: FT4181 | B296: FT4181 | C296: 환타 제로 파인 350CAN 4X6 | D296: 183 | E296: 182.5 | F296: 365 | G296: 182
A297: 4949 | B297: FT4949 | C297: 환타파인업소용355C X24 | D297: 365 | E297: 365 | F297: 730 | G297: 365
A298: 4950 | B298: FT4950 | C298: 환타 파인 355CAN X24 | D298: 365 | E298: 365 | F298: 730 | G298: 365
A299: 4951 | B299: FT4951 | C299: S)환타 파인355CAN 4X6 | D299: 365 | E299: 365 | F299: 730 | G299: 365
A300: 5101 | B300: FT5101 | C300: 환타오렌지 1.8P X12 | D300: 98 | E300: 182.5 | F300: 365 | G300: 267
A301: 5102 | B301: FT5102 | C301: 환타파인애플 1.8P X12 | D301: 98 | E301: 182.5 | F301: 365 | G301: 267
A302: 5177 | B302: FT5177 | C302: 환타오렌지 390PET X24 | D302: 84 | E302: 182.5 | F302: 365 | G302: 281
A303: 5309 | B303: FT5309 | C303: 환타 파인 250CAN X30 | D303: 365 | E303: 365 | F303: 730 | G303: 365
A304: 5312 | B304: FT5312 | C304: 환타 파인 250CAN 5X6 | D304: 365 | E304: 365 | F304: 730 | G304: 365
A305: 5713 | B305: FT5713 | C305: 환타 오렌지300PET X24 | D305: 70 | E305: 182.5 | F305: 365 | G305: 295
A306: 5715 | B306: FT5715 | C306: 환타 파인 300PET X24 | D306: 70 | E306: 182.5 | F306: 365 | G306: 295
A307: 5719 | B307: FT5719 | C307: 환타오렌지소분300P 4X6 | D307: 70 | E307: 182.5 | F307: 365 | G307: 295
A308: 5734 | B308: FT5734 | C308: 환타 오렌지600PET X24 | D308: 84 | E308: 182.5 | F308: 365 | G308: 281
... A353: 776 | B353: GD7688 | C353: 골든드랍나는오리지널175(멀티) | D353: 183 | E353: 182.5 | F353: 365 | G353: 182
A354: GG0003 | B354: GG0003 | C354: 조지아 아이스아메(신) 170PU 5X10 | D354: 183 | E354: 136.5 | F354: 273 | G354: 90
A355: GG0004 | B355: GG0004 | C355: 조지아 아이스라떼(신) 170PU 5X10 | D355: 183 | E355: 136.5 | F355: 273 | G355: 90
A356: 4867 | B356: GG4867 | C356: 조지아오리지널175C 5X6 | D356: 183 | E356: 182.5 | F356: 365 | G356: 182
A357: 4868 | B357: GG4868 | C357: 조지아오리지널240C X30 | D357: 183 | E357: 182.5 | F357: 365 | G357: 182
A358: 4869 | B358: GG4869 | C358: 조지아카페라테240C X30 | D358: 183 | E358: 182.5 | F358: 365 | G358: 182
A359: 8259 | B359: GG8259 | C359: 조지아 오리지널 200CAN 5X6 | D359: 183 | E359: 182.5 | F359: =365 -> 365 | G359: =182 -> 182
A360: 4872 | B360: GG4872 | C360: 조지아오리지널240C 5X6 | D360: 183 | E360: 182.5 | F360: 365 | G360: 182
A361: 4877 | B361: GG4877 | C361: 조지아오리지널175C X30 | D361: 183 | E361: 182.5 | F361: 365 | G361: 182
A362: 4879 | B362: GG4879 | C362: 조지아카페라테240C 5X6 | D362: 183 | E362: 182.5 | F362: 365 | G362: 182
A363: 4880 | B363: GG4880 | C363: 조지아 아메리카노 240CAN X30 | D363: 183 | E363: 182.5 | F363: 365 | G363: 182
A364: 4881 | B364: GG4881 | C364: 조지아 아메리카노 240CAN 5X6 | D364: 183 | E364: 182.5 | F364: 365 | G364: 182
A365: 4884 | B365: GG4884 | C365: 조지아오리이지280P X20 | D365: 183 | E365: 182.5 | F365: 365 | G365: 182
A366: 4885 | B366: GG4885 | C366: 조지아 맥스 240C X30 | D366: 183 | E366: 182.5 | F366: 365 | G366: 182
A367: 4899 | B367: GG4899 | C367: 조지아맥스 240C 5X6 | D367: 183 | E367: 182.5 | F367: 365 | G367: 182
A368: 4905 | B368: GG4905 | C368: 조지아맥스쵸코라떼240C X30 | D368: 183 | E368: 182.5 | F368: 365 | G368: 182
A369: 4961 | B369: GG4961 | C369: 조지아 델리모카240P X20 | D369: 137 | E369: 136.5 | F369: 273 | G369: 136
A370: 4962 | B370: GG4962 | C370: 조지아델리스윗포테240P X20 | D370: 137 | E370: 136.5 | F370: 273 | G370: 136
...

Sheet 재고차이
C1: 대신물류B동 재고현황
A3: 기존코드 | B3: SAP코드 | C3: Brand Name | D3: 940P | E3: 아주 | F3: 940P | G3: 아주 | H3: 잔량 | I3: 보류재고 | J3: 총합계 | K3: 전산 | L3: 주간상차 | M3: 차이 | N3: + | O3: - | P3: 차이내역 | Q3: 거래처파손교환/불량정리
A4: 4219 | B4: =VLOOKUP(A:A,제품등록!A:B,2,0) -> AB4219 | C4: =VLOOKUP(B4,제품등록!B:C,2,0) -> 암바사 345CAN 4X6 | E4: 100 | F4: =SUMIF('창고1(실사표)'!B:B,재고차이!A:A,'창고1(실사표)'!F:F)*D4+SUMIF('창고2(실사표)'!B:B,재고차이!A:A,'창고2(실사표)'!F:F)*D4+SUMIF('믹스(잔량실사표)'!B:B,재고차이!A:A,'믹스(잔량실사표)'!F:F)*D4 -> 0 | G4: =SUMIF('창고1(실사표)'!B:B,재고차이!A:A,'창고1(실사표)'!E:E)*E4+SUMIF('창고2(실사표)'!B:B,재고차이!A:A,'창고2(실사표)'!E:E)*E4+SUMIF('믹스(잔량실사표)'!B:B,재고차이!A:A,'믹스(잔량실사표)'!E:E)*E4 -> 0 | H4: =SUMIF('창고1(실사표)'!B:B,재고차이!A:A,'창고1(실사표)'!G:G)+SUMIF('창고2(실사표)'!B:B,재고차이!A:A,'창고2(실사표)'!G:G)++SUMIF('믹스(잔량실사표)'!B:B,재고차이!A:A,'믹스(잔량실사표)'!G:G) -> 0 | I4: =SUMIF('창고1(실사표)'!B:B,재고차이!A:A,'창고1(실사표)'!H:H)+SUMIF('창고2(실사표)'!B:B,재고차이!A:A,'창고2(실사표)'!H:H)++SUMIF('믹스(잔량실사표)'!B:B,재고차이!A:A,'믹스(잔량실사표)'!H:H) -> 0 | J4: =SUM(F4:I4) -> 0 | K4: =SUMIF(SAP!#REF!,재고차이!B:B,SAP!#REF!) -> #REF! | L4: =SUMIF(주간상차!A:A,재고차이!A:A,주간상차!E:E) -> 0 | M4: =J4-K4-L4-N4+O4+Q4 -> #REF! | Q4: =SUMIF(파손품!D:D,재고차이!B:B,파손품!I:I)+SUMIF(동파파손!D:D,재고차이!B:B,동파파손!I:I) -> 0 | R4: =M4/E4 -> #REF!
A5: 3214 | B5: =VLOOKUP(A:A,제품등록!A:B,2,0) -> FT3214 | C5: =VLOOKUP(B5,제품등록!B:C,2,0) -> 암바사 by 환타 345CAN 4X6 | E5: 100 | F5: =SUMIF('창고1(실사표)'!B:B,재고차이!A:A,'창고1(실사표)'!F:F)*D5+SUMIF('창고2(실사표)'!B:B,재고차이!A:A,'창고2(실사표)'!F:F)*D5+SUMIF('믹스(잔량실사표)'!B:B,재고차이!A:A,'믹스(잔량실사표)'!F:F)*D5 -> 0 | G5: =SUMIF('창고1(실사표)'!B:B,재고차이!A:A,'창고1(실사표)'!E:E)*E5+SUMIF('창고2(실사표)'!B:B,재고차이!A:A,'창고2(실사표)'!E:E)*E5+SUMIF('믹스(잔량실사표)'!B:B,재고차이!A:A,'믹스(잔량실사표)'!E:E)*E5 -> 0 | H5: =SUMIF('창고1(실사표)'!B:B,재고차이!A:A,'창고1(실사표)'!G:G)+SUMIF('창고2(실사표)'!B:B,재고차이!A:A,'창고2(실사표)'!G:G)++SUMIF('믹스(잔량실사표)'!B:B,재고차이!A:A,'믹스(잔량실사표)'!G:G) -> 0 | I5: =SUMIF('창고1(실사표)'!B:B,재고차이!A:A,'창고1(실사표)'!H:H)+SUMIF('창고2(실사표)'!B:B,재고차이!A:A,'창고2(실사표)'!H:H)++SUMIF('믹스(잔량실사표)'!B:B,재고차이!A:A,'믹스(잔량실사표)'!H:H) -> 0 | J5: =SUM(F5:I5) -> 0 | K5: =SUMIF(SAP!#REF!,재고차이!B:B,SAP!#REF!) -> #REF! | L5: =SUMIF(주간상차!A:A,재고차이!A:A,주간상차!E:E) -> 0 | M5: =J5-K5-L5-N5+O5+Q5 -> #REF! | Q5: =SUMIF(파손품!D:D,재고차이!B:B,파손품!I:I)+SUMIF(동파파손!D:D,재고차이!B:B,동파파손!I:I) -> 0 | R5: =M5/E5 -> #REF!
A6: 4833 | B6: =VLOOKUP(A:A,제품등록!A:B,2,0) -> AB4833 | C6: =VLOOKUP(B6,제품등록!B:C,2,0) -> 암바사화이트250CAN 5X6 | D6: 99 | E6: 132 | F6: =SUMIF('창고1(실사표)'!B:B,재고차이!A:A,'창고1(실사표)'!F:F)*D6+SUMIF('창고2(실사표)'!B:B,재고차이!A:A,'창고2(실사표)'!F:F)*D6+SUMIF('믹스(잔량실사표)'!B:B,재고차이!A:A,'믹스(잔량실사표)'!F:F)*D6 -> 0 | G6: =SUMIF('창고1(실사표)'!B:B,재고차이!A:A,'창고1(실사표)'!E:E)*E6+SUMIF('창고2(실사표)'!B:B,재고차이!A:A,'창고2(실사표)'!E:E)*E6+SUMIF('믹스(잔량실사표)'!B:B,재고차이!A:A,'믹스(잔량실사표)'!E:E)*E6 -> 0 | H6: =SUMIF('창고1(실사표)'!B:B,재고차이!A:A,'창고1(실사표)'!G:G)+SUMIF('창고2(실사표)'!B:B,재고차이!A:A,'창고2(실사표)'!G:G)++SUMIF('믹스(잔량실사표)'!B:B,재고차이!A:A,'믹스(잔량실사표)'!G:G) -> 0 | I6: =SUMIF('창고1(실사표)'!B:B,재고차이!A:A,'창고1(실사표)'!H:H)+SUMIF('창고2(실사표)'!B:B,재고차이!A:A,'창고2(실사표)'!H:H)++SUMIF('믹스(잔량실사표)'!B:B,재고차이!A:A,'믹스(잔량실사표)'!H:H) -> 0 | J6: =SUM(F6:I6) -> 0 | K6: =SUMIF(SAP!#REF!,재고차이!B:B,SAP!#REF!) -> #REF! | L6: =SUMIF(주간상차!A:A,재고차이!A:A,주간상차!E:E) -> 0 | M6: =J6-K6-L6-N6+O6+Q6 -> #REF! | Q6: =SUMIF(파손품!D:D,재고차이!B:B,파손품!I:I)+SUMIF(동파파손!D:D,재고차이!B:B,동파파손!I:I) -> 0 | R6: =M6/E6 -> #REF!
A7: 1193 | B7: =VLOOKUP(A:A,제품등록!A:B,2,0) -> CA1193 | C7: =VLOOKUP(B7,제품등록!B:C,2,0) -> 캐 진저엘 250CAN 5X6 | E7: 132 | F7: =SUMIF('창고1(실사표)'!B:B,재고차이!A:A,'창고1(실사표)'!F:F)*D7+SUMIF('창고2(실사표)'!B:B,재고차이!A:A,'창고2(실사표)'!F:F)*D7+SUMIF('믹스(잔량실사표)'!B:B,재고차이!A:A,'믹스(잔량실사표)'!F:F)*D7 -> 0 | G7: =SUMIF('창고1(실사표)'!B:B,재고차이!A:A,'창고1(실사표)'!E:E)*E7+SUMIF('창고2(실사표)'!B:B,재고차이!A:A,'창고2(실사표)'!E:E)*E7+SUMIF('믹스(잔량실사표)'!B:B,재고차이!A:A,'믹스(잔량실사표)'!E:E)*E7 -> 0 | H7: =SUMIF('창고1(실사표)'!B:B,재고차이!A:A,'창고1(실사표)'!G:G)+SUMIF('창고2(실사표)'!B:B,재고차이!A:A,'창고2(실사표)'!G:G)++SUMIF('믹스(잔량실사표)'!B:B,재고차이!A:A,'믹스(잔량실사표)'!G:G) -> 0 | I7: =SUMIF('창고1(실사표)'!B:B,재고차이!A:A,'창고1(실사표)'!H:H)+SUMIF('창고2(실사표)'!B:B,재고차이!A:A,'창고2(실사표)'!H:H)++SUMIF('믹스(잔량실사표)'!B:B,재고차이!A:A,'믹스(잔량실사표)'!H:H) -> 0 | J7: =SUM(F7:I7) -> 0 | K7: =SUMIF(SAP!#REF!,재고차이!B:B,SAP!#REF!) -> #REF! | L7: =SUMIF(주간상차!A:A,재고차이!A:A,주간상차!E:E) -> 0 | M7: =J7-K7-L7-N7+O7+Q7 -> #REF! | Q7: =SUMIF(파손품!D:D,재고차이!B:B,파손품!I:I)+SUMIF(동파파손!D:D,재고차이!B:B,동파파손!I:I) -> 0 | R7: =M7/E7 -> #REF!
A8: 1201 | B8: =VLOOKUP(A:A,제품등록!A:B,2,0) -> CA1201 | C8: =VLOOKUP(B8,제품등록!B:C,2,0) -> 캐 토닉워터250CAN 5X6 | D8: 99 | E8: 132 | F8: =SUMIF('창고1(실사표)'!B:B,재고차이!A:A,'창고1(실사표)'!F:F)*D8+SUMIF('창고2(실사표)'!B:B,재고차이!A:A,'창고2(실사표)'!F:F)*D8+SUMIF('믹스(잔량실사표)'!B:B,재고차이!A:A,'믹스(잔량실사표)'!F:F)*D8 -> 0 | G8: =SUMIF('창고1(실사표)'!B:B,재고차이!A:A,'창고1(실사표)'!E:E)*E8+SUMIF('창고2(실사표)'!B:B,재고차이!A:A,'창고2(실사표)'!E:E)*E8+SUMIF('믹스(잔량실사표)'!B:B,재고차이!A:A,'믹스(잔량실사표)'!E:E)*E8 -> 0 | H8: =SUMIF('창고1(실사표)'!B:B,재고차이!A:A,'창고1(실사표)'!G:G)+SUMIF('창고2(실사표)'!B:B,재고차이!A:A,'창고2(실사표)'!G:G)++SUMIF('믹스(잔량실사표)'!B:B,재고차이!A:A,'믹스(잔량실사표)'!G:G) -> 0 | I8: =SUMIF('창고1(실사표)'!B:B,재고차이!A:A,'창고1(실사표)'!H:H)+SUMIF('창고2(실사표)'!B:B,재고차이!A:A,'창고2(실사표)'!H:H)++SUMIF('믹스(잔량실사표)'!B:B,재고차이!A:A,'믹스(잔량실사표)'!H:H) -> 0 | J8: =SUM(F8:I8) -> 0 | K8: =SUMIF(SAP!#REF!,재고차이!B:B,SAP!#REF!) -> #REF! | L8: =SUMIF(주간상차!A:A,재고차이!A:A,주간상차!E:E) -> 0 | M8: =J8-K8-L8-N8+O8+Q8 -> #REF! | Q8: =SUMIF(파손품!D:D,재고차이!B:B,파손품!I:I)+SUMIF(동파파손!D:D,재고차이!B:B,동파파손!I:I) -> 0 | R8: =M8/E8 -> #REF!
A9: 4259 | B9: =VLOOKUP(A:A,제품등록!A:B,2,0) -> BB4259 | C9: =VLOOKUP(B9,제품등록!B:C,2,0) -> S)봉봉 포도 340CAN 4X6 | E9: 100 | F9: =SUMIF('창고1(실사표)'!B:B,재고차이!A:A,'창고1(실사표)'!F:F)*D9+SUMIF('창고2(실사표)'!B:B,재고차이!A:A,'창고2(실사표)'!F:F)*D9+SUMIF('믹스(잔량실사표)'!B:B,재고차이!A:A,'믹스(잔량실사표)'!F:F)*D9 -> 0 | G9: =SUMIF('창고1(실사표)'!B:B,재고차이!A:A,'창고1(실사표)'!E:E)*E9+SUMIF('창고2(실사표)'!B:B,재고차이!A:A,'창고2(실사표)'!E:E)*E9+SUMIF('믹스(잔량실사표)'!B:B,재고차이!A:A,'믹스(잔량실사표)'!E:E)*E9 -> 1500 | H9: =SUMIF('창고1(실사표)'!B:B,재고차이!A:A,'창고1(실사표)'!G:G)+SUMIF('창고2(실사표)'!B:B,재고차이!A:A,'창고2(실사표)'!G:G)++SUMIF('믹스(잔량실사표)'!B:B,재고차이!A:A,'믹스(잔량실사표)'!G:G) -> 67 | I9: =SUMIF('창고1(실사표)'!B:B,재고차이!A:A,'창고1(실사표)'!H:H)+SUMIF('창고2(실사표)'!B:B,재고차이!A:A,'창고2(실사표)'!H:H)++SUMIF('믹스(잔량실사표)'!B:B,재고차이!A:A,'믹스(잔량실사표)'!H:H) -> 0 | J9: =SUM(F9:I9) -> 1567 | K9: =SUMIF(SAP!B:B,재고차이!B:B,SAP!Q:Q) -> 1568 | L9: =SUMIF(주간상차!A:A,재고차이!A:A,주간상차!E:E) -> 0 | M9: =J9-K9-L9-N9+O9+Q9 -> 0 | Q9: =SUMIF(파손품!D:D,재고차이!B:B,파손품!I:I)+SUMIF(동파파손!D:D,재고차이!B:B,동파파손!I:I) -> 1 | R9: =M9/E9 -> 0
A10: 1301 | B10: =VLOOKUP(A:A,제품등록!A:B,2,0) -> CC1301 | C10: =VLOOKUP(B10,제품등록!B:C,2,0) -> 코크레드 250CAN 4X6 + 뉴진스 포토엽서 | E10: 108 | F10: =SUMIF('창고1(실사표)'!B:B,재고차이!A:A,'창고1(실사표)'!F:F)*D10+SUMIF('창고2(실사표)'!B:B,재고차이!A:A,'창고2(실사표)'!F:F)*D10+SUMIF('믹스(잔량실사표)'!B:B,재고차이!A:A,'믹스(잔량실사표)'!F:F)*D10 -> 0 | G10: =SUMIF('창고1(실사표)'!B:B,재고차이!A:A,'창고1(실사표)'!E:E)*E10+SUMIF('창고2(실사표)'!B:B,재고차이!A:A,'창고2(실사표)'!E:E)*E10+SUMIF('믹스(잔량실사표)'!B:B,재고차이!A:A,'믹스(잔량실사표)'!E:E)*E10 -> 0 | H10: =SUMIF('창고1(실사표)'!B:B,재고차이!A:A,'창고1(실사표)'!G:G)+SUMIF('창고2(실사표)'!B:B,재고차이!A:A,'창고2(실사표)'!G:G)++SUMIF('믹스(잔량실사표)'!B:B,재고차이!A:A,'믹스(잔량실사표)'!G:G) -> 0 | I10: =SUMIF('창고1(실사표)'!B:B,재고차이!A:A,'창고1(실사표)'!H:H)+SUMIF('창고2(실사표)'!B:B,재고차이!A:A,'창고2(실사표)'!H:H)++SUMIF('믹스(잔량실사표)'!B:B,재고차이!A:A,'믹스(잔량실사표)'!H:H) -> 0 | J10: =SUM(F10:I10) -> 0 | K10: =SUMIF(SAP!B:B,재고차이!B:B,SAP!Q:Q) -> 0 | L10: =SUMIF(주간상차!A:A,재고차이!A:A,주간상차!E:E) -> 0 | M10: =J10-K10-L10-N10+O10+Q10 -> 0 | Q10: =SUMIF(파손품!D:D,재고차이!B:B,파손품!I:I)+SUMIF(동파파손!D:D,재고차이!B:B,동파파손!I:I) -> 0 | R10: =M10/E10 -> 0
A11: 5700 | B11: =VLOOKUP(A:A,제품등록!A:B,2,0) -> CC5700 | C11: =VLOOKUP(B11,제품등록!B:C,2,0) -> 코카-콜라 250BTC X24 | D11: 72 | E11: 108 | F11: =SUMIF('창고1(실사표)'!B:B,재고차이!A:A,'창고1(실사표)'!F:F)*D11+SUMIF('창고2(실사표)'!B:B,재고차이!A:A,'창고2(실사표)'!F:F)*D11+SUMIF('믹스(잔량실사표)'!B:B,재고차이!A:A,'믹스(잔량실사표)'!F:F)*D11 -> 0 | G11: =SUMIF('창고1(실사표)'!B:B,재고차이!A:A,'창고1(실사표)'!E:E)*E11+SUMIF('창고2(실사표)'!B:B,재고차이!A:A,'창고2(실사표)'!E:E)*E11+SUMIF('믹스(잔량실사표)'!B:B,재고차이!A:A,'믹스(잔량실사표)'!E:E)*E11 -> 0 | H11: =SUMIF('창고1(실사표)'!B:B,재고차이!A:A,'창고1(실사표)'!G:G)+SUMIF('창고2(실사표)'!B:B,재고차이!A:A,'창고2(실사표)'!G:G)++SUMIF('믹스(잔량실사표)'!B:B,재고차이!A:A,'믹스(잔량실사표)'!G:G) -> 0 | I11: =SUMIF('창고1(실사표)'!B:B,재고차이!A:A,'창고1(실사표)'!H:H)+SUMIF('창고2(실사표)'!B:B,재고차이!A:A,'창고2(실사표)'!H:H)++SUMIF('믹스(잔량실사표)'!B:B,재고차이!A:A,'믹스(잔량실사표)'!H:H) -> 0 | J11: =SUM(F11:I11) -> 0 | K11: =SUMIF(SAP!B:B,재고차이!B:B,SAP!Q:Q) -> 0 | L11: =SUMIF(주간상차!A:A,재고차이!A:A,주간상차!E:E) -> 0 | M11: =J11-K11-L11-N11+O11+Q11 -> 0 | Q11: =SUMIF(파손품!D:D,재고차이!B:B,파손품!I:I)+SUMIF(동파파손!D:D,재고차이!B:B,동파파손!I:I) -> 0 | R11: =M11/E11 -> 0
A12: 1205 | B12: =VLOOKUP(A:A,제품등록!A:B,2,0) -> CA1205 | C12: =VLOOKUP(B12,제품등록!B:C,2,0) -> 캐나다 토닉워터 350PET 4X6 | E12: 80 | F12: =SUMIF('창고1(실사표)'!B:B,재고차이!A:A,'창고1(실사표)'!F:F)*D12+SUMIF('창고2(실사표)'!B:B,재고차이!A:A,'창고2(실사표)'!F:F)*D12+SUMIF('믹스(잔량실사표)'!B:B,재고차이!A:A,'믹스(잔량실사표)'!F:F)*D12 -> 0 | G12: =SUMIF('창고1(실사표)'!B:B,재고차이!A:A,'창고1(실사표)'!E:E)*E12+SUMIF('창고2(실사표)'!B:B,재고차이!A:A,'창고2(실사표)'!E:E)*E12+SUMIF('믹스(잔량실사표)'!B:B,재고차이!A:A,'믹스(잔량실사표)'!E:E)*E12 -> 0 | H12: =SUMIF('창고1(실사표)'!B:B,재고차이!A:A,'창고1(실사표)'!G:G)+SUMIF('창고2(실사표)'!B:B,재고차이!A:A,'창고2(실사표)'!G:G)++SUMIF('믹스(잔량실사표)'!B:B,재고차이!A:A,'믹스(잔량실사표)'!G:G) -> 0 | I12: =SUMIF('창고1(실사표)'!B:B,재고차이!A:A,'창고1(실사표)'!H:H)+SUMIF('창고2(실사표)'!B:B,재고차이!A:A,'창고2(실사표)'!H:H)++SUMIF('믹스(잔량실사표)'!B:B,재고차이!A:A,'믹스(잔량실사표)'!H:H) -> 0 | J12: =SUM(F12:I12) -> 0 | K12: =SUMIF(SAP!B:B,재고차이!B:B,SAP!Q:Q) -> 0 | L12: =SUMIF(주간상차!A:A,재고차이!A:A,주간상차!E:E) -> 0 | M12: =J12-K12-L12-N12+O12+Q12 -> 0 | Q12: =SUMIF(파손품!D:D,재고차이!B:B,파손품!I:I)+SUMIF(동파파손!D:D,재고차이!B:B,동파파손!I:I) -> 0 | R12: =M12/E12 -> 0
A13: 1206 | B13: =VLOOKUP(A:A,제품등록!A:B,2,0) -> CA1206 | C13: =VLOOKUP(B13,제품등록!B:C,2,0) -> 캐나다 진저에일 250CAN X12 | E13: 288 | F13: =SUMIF('창고1(실사표)'!B:B,재고차이!A:A,'창고1(실사표)'!F:F)*D13+SUMIF('창고2(실사표)'!B:B,재고차이!A:A,'창고2(실사표)'!F:F)*D13+SUMIF('믹스(잔량실사표)'!B:B,재고차이!A:A,'믹스(잔량실사표)'!F:F)*D13 -> 0 | G13: =SUMIF('창고1(실사표)'!B:B,재고차이!A:A,'창고1(실사표)'!E:E)*E13+SUMIF('창고2(실사표)'!B:B,재고차이!A:A,'창고2(실사표)'!E:E)*E13+SUMIF('믹스(잔량실사표)'!B:B,재고차이!A:A,'믹스(잔량실사표)'!E:E)*E13 -> 0 | H13: =SUMIF('창고1(실사표)'!B:B,재고차이!A:A,'창고1(실사표)'!G:G)+SUMIF('창고2(실사표)'!B:B,재고차이!A:A,'창고2(실사표)'!G:G)++SUMIF('믹스(잔량실사표)'!B:B,재고차이!A:A,'믹스(잔량실사표)'!G:G) -> 0 | I13: =SUMIF('창고1(실사표)'!B:B,재고차이!A:A,'창고1(실사표)'!H:H)+SUMIF('창고2(실사표)'!B:B,재고차이!A:A,'창고2(실사표)'!H:H)++SUMIF('믹스(잔량실사표)'!B:B,재고차이!A:A,'믹스(잔량실사표)'!H:H) -> 0 | J13: =SUM(F13:I13) -> 0 | K13: =SUMIF(SAP!B:B,재고차이!B:B,SAP!Q:Q) -> 0 | L13: =SUMIF(주간상차!A:A,재고차이!A:A,주간상차!E:E) -> 0 | M13: =J13-K13-L13-N13+O13+Q13 -> 0 | Q13: =SUMIF(파손품!D:D,재고차이!B:B,파손품!I:I)+SUMIF(동파파손!D:D,재고차이!B:B,동파파손!I:I) -> 0 | R13: =M13/E13 -> 0
A14: 455 | B14: =VLOOKUP(A:A,제품등록!A:B,2,0) -> CC0455 | C14: =VLOOKUP(B14,제품등록!B:C,2,0) -> 코크제로 레몬 500PET 4X6 | D14: 40 | E14: 60 | F14: =SUMIF('창고1(실사표)'!B:B,재고차이!A:A,'창고1(실사표)'!F:F)*D14+SUMIF('창고2(실사표)'!B:B,재고차이!A:A,'창고2(실사표)'!F:F)*D14+SUMIF('믹스(잔량실사표)'!B:B,재고차이!A:A,'믹스(잔량실사표)'!F:F)*D14 -> 0 | G14: =SUMIF('창고1(실사표)'!B:B,재고차이!A:A,'창고1(실사표)'!E:E)*E14+SUMIF('창고2(실사표)'!B:B,재고차이!A:A,'창고2(실사표)'!E:E)*E14+SUMIF('믹스(잔량실사표)'!B:B,재고차이!A:A,'믹스(잔량실사표)'!E:E)*E14 -> 1380 | H14: =SUMIF('창고1(실사표)'!B:B,재고차이!A:A,'창고1(실사표)'!G:G)+SUMIF('창고2(실사표)'!B:B,재고차이!A:A,'창고2(실사표)'!G:G)++SUMIF('믹스(잔량실사표)'!B:B,재고차이!A:A,'믹스(잔량실사표)'!G:G) -> 18 | I14: =SUMIF('창고1(실사표)'!B:B,재고차이!A:A,'창고1(실사표)'!H:H)+SUMIF('창고2(실사표)'!B:B,재고차이!A:A,'창고2(실사표)'!H:H)++SUMIF('믹스(잔량실사표)'!B:B,재고차이!A:A,'믹스(잔량실사표)'!H:H) -> 0 | J14: =SUM(F14:I14) -> 1398 | K14: =SUMIF(SAP!B:B,재고차이!B:B,SAP!Q:Q) -> 1398 | L14: =SUMIF(주간상차!A:A,재고차이!A:A,주간상차!E:E) -> 0 | M14: =J14-K14-L14-N14+O14+Q14 -> 0 | Q14: =SUMIF(파손품!D:D,재고차이!B:B,파손품!I:I)+SUMIF(동파파손!D:D,재고차이!B:B,동파파손!I:I) -> 0 | R14: =M14/E14 -> 0
A15: 5186 | B15: =VLOOKUP(A:A,제품등록!A:B,2,0) -> CC5186 | C15: =VLOOKUP(B15,제품등록!B:C,2,0) -> 코카콜라 490CAN 6X4 | E15: 70 | F15: =SUMIF('창고1(실사표)'!B:B,재고차이!A:A,'창고1(실사표)'!F:F)*D15+SUMIF('창고2(실사표)'!B:B,재고차이!A:A,'창고2(실사표)'!F:F)*D15+SUMIF('믹스(잔량실사표)'!B:B,재고차이!A:A,'믹스(잔량실사표)'!F:F)*D15 -> 0 | G15: =SUMIF('창고1(실사표)'!B:B,재고차이!A:A,'창고1(실사표)'!E:E)*E15+SUMIF('창고2(실사표)'!B:B,재고차이!A:A,'창고2(실사표)'!E:E)*E15+SUMIF('믹스(잔량실사표)'!B:B,재고차이!A:A,'믹스(잔량실사표)'!E:E)*E15 -> 0 | H15: =SUMIF('창고1(실사표)'!B:B,재고차이!A:A,'창고1(실사표)'!G:G)+SUMIF('창고2(실사표)'!B:B,재고차이!A:A,'창고2(실사표)'!G:G)++SUMIF('믹스(잔량실사표)'!B:B,재고차이!A:A,'믹스(잔량실사표)'!G:G) -> 0 | I15: =SUMIF('창고1(실사표)'!B:B,재고차이!A:A,'창고1(실사표)'!H:H)+SUMIF('창고2(실사표)'!B:B,재고차이!A:A,'창고2(실사표)'!H:H)++SUMIF('믹스(잔량실사표)'!B:B,재고차이!A:A,'믹스(잔량실사표)'!H:H) -> 0 | J15: =SUM(F15:I15) -> 0 | K15: =SUMIF(SAP!B:B,재고차이!B:B,SAP!Q:Q) -> 0 | L15: =SUMIF(주간상차!A:A,재고차이!A:A,주간상차!E:E) -> 0 | M15: =J15-K15-L15-N15+O15+Q15 -> 0 | Q15: =SUMIF(파손품!D:D,재고차이!B:B,파손품!I:I)+SUMIF(동파파손!D:D,재고차이!B:B,동파파손!I:I) -> 0 | R15: =M15/E15 -> 0
A16: 5189 | B16: =VLOOKUP(A:A,제품등록!A:B,2,0) -> CC5189 | C16: =VLOOKUP(B16,제품등록!B:C,2,0) -> 코크제로 490ml CAN 6X4 | E16: 70 | F16: =SUMIF('창고1(실사표)'!B:B,재고차이!A:A,'창고1(실사표)'!F:F)*D16+SUMIF('창고2(실사표)'!B:B,재고차이!A:A,'창고2(실사표)'!F:F)*D16+SUMIF('믹스(잔량실사표)'!B:B,재고차이!A:A,'믹스(잔량실사표)'!F:F)*D16 -> 0 | G16: =SUMIF('창고1(실사표)'!B:B,재고차이!A:A,'창고1(실사표)'!E:E)*E16+SUMIF('창고2(실사표)'!B:B,재고차이!A:A,'창고2(실사표)'!E:E)*E16+SUMIF('믹스(잔량실사표)'!B:B,재고차이!A:A,'믹스(잔량실사표)'!E:E)*E16 -> 0 | H16: =SUMIF('창고1(실사표)'!B:B,재고차이!A:A,'창고1(실사표)'!G:G)+SUMIF('창고2(실사표)'!B:B,재고차이!A:A,'창고2(실사표)'!G:G)++SUMIF('믹스(잔량실사표)'!B:B,재고차이!A:A,'믹스(잔량실사표)'!G:G) -> 0 | I16: =SUMIF('창고1(실사표)'!B:B,재고차이!A:A,'창고1(실사표)'!H:H)+SUMIF('창고2(실사표)'!B:B,재고차이!A:A,'창고2(실사표)'!H:H)++SUMIF('믹스(잔량실사표)'!B:B,재고차이!A:A,'믹스(잔량실사표)'!H:H) -> 0 | J16: =SUM(F16:I16) -> 0 | K16: =SUMIF(SAP!B:B,재고차이!B:B,SAP!Q:Q) -> 0 | L16: =SUMIF(주간상차!A:A,재고차이!A:A,주간상차!E:E) -> 0 | M16: =J16-K16-L16-N16+O16+Q16 -> 0 | Q16: =SUMIF(파손품!D:D,재고차이!B:B,파손품!I:I)+SUMIF(동파파손!D:D,재고차이!B:B,동파파손!I:I) -> 0 | R16: =M16/E16 -> 0
A17: 1300 | B17: =VLOOKUP(A:A,제품등록!A:B,2,0) -> CC1300 | C17: =VLOOKUP(B17,제품등록!B:C,2,0) -> 코카콜라SW 250CAN 5X6 | D17: 99 | E17: 132 | F17: =SUMIF('창고1(실사표)'!B:B,재고차이!A:A,'창고1(실사표)'!F:F)*D17+SUMIF('창고2(실사표)'!B:B,재고차이!A:A,'창고2(실사표)'!F:F)*D17+SUMIF('믹스(잔량실사표)'!B:B,재고차이!A:A,'믹스(잔량실사표)'!F:F)*D17 -> 0 | G17: =SUMIF('창고1(실사표)'!B:B,재고차이!A:A,'창고1(실사표)'!E:E)*E17+SUMIF('창고2(실사표)'!B:B,재고차이!A:A,'창고2(실사표)'!E:E)*E17+SUMIF('믹스(잔량실사표)'!B:B,재고차이!A:A,'믹스(잔량실사표)'!E:E)*E17 -> 2376 | H17: =SUMIF('창고1(실사표)'!B:B,재고차이!A:A,'창고1(실사표)'!G:G)+SUMIF('창고2(실사표)'!B:B,재고차이!A:A,'창고2(실사표)'!G:G)++SUMIF('믹스(잔량실사표)'!B:B,재고차이!A:A,'믹스(잔량실사표)'!G:G) -> 100 | I17: =SUMIF('창고1(실사표)'!B:B,재고차이!A:A,'창고1(실사표)'!H:H)+SUMIF('창고2(실사표)'!B:B,재고차이!A:A,'창고2(실사표)'!H:H)++SUMIF('믹스(잔량실사표)'!B:B,재고차이!A:A,'믹스(잔량실사표)'!H:H) -> 0 | J17: =SUM(F17:I17) -> 2476 | K17: =SUMIF(SAP!B:B,재고차이!B:B,SAP!Q:Q) -> 1816 | L17: =SUMIF(주간상차!A:A,재고차이!A:A,주간상차!E:E) -> 660 | M17: =J17-K17-L17-N17+O17+Q17 -> 0 | Q17: =SUMIF(파손품!D:D,재고차이!B:B,파손품!I:I)+SUMIF(동파파손!D:D,재고차이!B:B,동파파손!I:I) -> 0 | R17: =M17/E17 -> 0
A18: 2531 | B18: =VLOOKUP(A:A,제품등록!A:B,2,0) -> CC2531 | C18: =VLOOKUP(B18,제품등록!B:C,2,0) -> 코카콜라 350CAN 4X6 | D18: 88 | E18: 100 | F18: =SUMIF('창고1(실사표)'!B:B,재고차이!A:A,'창고1(실사표)'!F:F)*D18+SUMIF('창고2(실사표)'!B:B,재고차이!A:A,'창고2(실사표)'!F:F)*D18+SUMIF('믹스(잔량실사표)'!B:B,재고차이!A:A,'믹스(잔량실사표)'!F:F)*D18 -> 0 | G18: =SUMIF('창고1(실사표)'!B:B,재고차이!A:A,'창고1(실사표)'!E:E)*E18+SUMIF('창고2(실사표)'!B:B,재고차이!A:A,'창고2(실사표)'!E:E)*E18+SUMIF('믹스(잔량실사표)'!B:B,재고차이!A:A,'믹스(잔량실사표)'!E:E)*E18 -> 4000 | H18: =SUMIF('창고1(실사표)'!B:B,재고차이!A:A,'창고1(실사표)'!G:G)+SUMIF('창고2(실사표)'!B:B,재고차이!A:A,'창고2(실사표)'!G:G)++SUMIF('믹스(잔량실사표)'!B:B,재고차이!A:A,'믹스(잔량실사표)'!G:G) -> 80 | I18: =SUMIF('창고1(실사표)'!B:B,재고차이!A:A,'창고1(실사표)'!H:H)+SUMIF('창고2(실사표)'!B:B,재고차이!A:A,'창고2(실사표)'!H:H)++SUMIF('믹스(잔량실사표)'!B:B,재고차이!A:A,'믹스(잔량실사표)'!H:H) -> 0 | J18: =SUM(F18:I18) -> 4080 | K18: =SUMIF(SAP!B:B,재고차이!B:B,SAP!Q:Q) -> 4080 | L18: =SUMIF(주간상차!A:A,재고차이!A:A,주간상차!E:E) -> 0 | M18: =J18-K18-L18-N18+O18+Q18 -> 0 | Q18: =SUMIF(파손품!D:D,재고차이!B:B,파손품!I:I)+SUMIF(동파파손!D:D,재고차이!B:B,동파파손!I:I) -> 0 | R18: =M18/E18 -> 0
A19: 5774 | B19: =VLOOKUP(A:A,제품등록!A:B,2,0) -> CC5774 | C19: =VLOOKUP(B19,제품등록!B:C,2,0) -> 코크레드 350ml CAN 2 X 12 +타투스티커 | E19: 80 | F19: =SUMIF('창고1(실사표)'!B:B,재고차이!A:A,'창고1(실사표)'!F:F)*D19+SUMIF('창고2(실사표)'!B:B,재고차이!A:A,'창고2(실사표)'!F:F)*D19+SUMIF('믹스(잔량실사표)'!B:B,재고차이!A:A,'믹스(잔량실사표)'!F:F)*D19 -> 0 | G19: =SUMIF('창고1(실사표)'!B:B,재고차이!A:A,'창고1(실사표)'!E:E)*E19+SUMIF('창고2(실사표)'!B:B,재고차이!A:A,'창고2(실사표)'!E:E)*E19+SUMIF('믹스(잔량실사표)'!B:B,재고차이!A:A,'믹스(잔량실사표)'!E:E)*E19 -> 0 | H19: =SUMIF('창고1(실사표)'!B:B,재고차이!A:A,'창고1(실사표)'!G:G)+SUMIF('창고2(실사표)'!B:B,재고차이!A:A,'창고2(실사표)'!G:G)++SUMIF('믹스(잔량실사표)'!B:B,재고차이!A:A,'믹스(잔량실사표)'!G:G) -> 0 | I19: =SUMIF('창고1(실사표)'!B:B,재고차이!A:A,'창고1(실사표)'!H:H)+SUMIF('창고2(실사표)'!B:B,재고차이!A:A,'창고2(실사표)'!H:H)++SUMIF('믹스(잔량실사표)'!B:B,재고차이!A:A,'믹스(잔량실사표)'!H:H) -> 0 | J19: =SUM(F19:I19) -> 0 | K19: =SUMIF(SAP!B:B,재고차이!B:B,SAP!Q:Q) -> 0 | L19: =SUMIF(주간상차!A:A,재고차이!A:A,주간상차!E:E) -> 0 | M19: =J19-K19-L19-N19+O19+Q19 -> 0 | Q19: =SUMIF(파손품!D:D,재고차이!B:B,파손품!I:I)+SUMIF(동파파손!D:D,재고차이!B:B,동파파손!I:I) -> 0 | R19: =M19/E19 -> 0
A20: 4432 | B20: =VLOOKUP(A:A,제품등록!A:B,2,0) -> CC4432 | C20: =VLOOKUP(B20,제품등록!B:C,2,0) -> S)코크제로 500PET 4X6 | E20: 60 | F20: =SUMIF('창고1(실사표)'!B:B,재고차이!A:A,'창고1(실사표)'!F:F)*D20+SUMIF('창고2(실사표)'!B:B,재고차이!A:A,'창고2(실사표)'!F:F)*D20+SUMIF('믹스(잔량실사표)'!B:B,재고차이!A:A,'믹스(잔량실사표)'!F:F)*D20 -> 0 | G20: =SUMIF('창고1(실사표)'!B:B,재고차이!A:A,'창고1(실사표)'!E:E)*E20+SUMIF('창고2(실사표)'!B:B,재고차이!A:A,'창고2(실사표)'!E:E)*E20+SUMIF('믹스(잔량실사표)'!B:B,재고차이!A:A,'믹스(잔량실사표)'!E:E)*E20 -> 1140 | H20: =SUMIF('창고1(실사표)'!B:B,재고차이!A:A,'창고1(실사표)'!G:G)+SUMIF('창고2(실사표)'!B:B,재고차이!A:A,'창고2(실사표)'!G:G)++SUMIF('믹스(잔량실사표)'!B:B,재고차이!A:A,'믹스(잔량실사표)'!G:G) -> 44 | I20: =SUMIF('창고1(실사표)'!B:B,재고차이!A:A,'창고1(실사표)'!H:H)+SUMIF('창고2(실사표)'!B:B,재고차이!A:A,'창고2(실사표)'!H:H)++SUMIF('믹스(잔량실사표)'!B:B,재고차이!A:A,'믹스(잔량실사표)'!H:H) -> 0 | J20: =SUM(F20:I20) -> 1184 | K20: =SUMIF(SAP!B:B,재고차이!B:B,SAP!Q:Q) -> 224 | L20: =SUMIF(주간상차!A:A,재고차이!A:A,주간상차!E:E) -> 960 | M20: =J20-K20-L20-N20+O20+Q20 -> 0 | Q20: =SUMIF(파손품!D:D,재고차이!B:B,파손품!I:I)+SUMIF(동파파손!D:D,재고차이!B:B,동파파손!I:I) -> 0 | R20: =M20/E20 -> 0
A21: 5201 | B21: CC5201 | C21: =VLOOKUP(B21,제품등록!B:C,2,0) -> S)코크제로 제로 500PET 4X6 | E21: 60 | F21: =SUMIF('창고1(실사표)'!B:B,재고차이!A:A,'창고1(실사표)'!F:F)*D21+SUMIF('창고2(실사표)'!B:B,재고차이!A:A,'창고2(실사표)'!F:F)*D21+SUMIF('믹스(잔량실사표)'!B:B,재고차이!A:A,'믹스(잔량실사표)'!F:F)*D21 -> 0 | G21: =SUMIF('창고1(실사표)'!B:B,재고차이!A:A,'창고1(실사표)'!E:E)*E21+SUMIF('창고2(실사표)'!B:B,재고차이!A:A,'창고2(실사표)'!E:E)*E21+SUMIF('믹스(잔량실사표)'!B:B,재고차이!A:A,'믹스(잔량실사표)'!E:E)*E21 -> 840 | H21: =SUMIF('창고1(실사표)'!B:B,재고차이!A:A,'창고1(실사표)'!G:G)+SUMIF('창고2(실사표)'!B:B,재고차이!A:A,'창고2(실사표)'!G:G)++SUMIF('믹스(잔량실사표)'!B:B,재고차이!A:A,'믹스(잔량실사표)'!G:G) -> 18 | I21: =SUMIF('창고1(실사표)'!B:B,재고차이!A:A,'창고1(실사표)'!H:H)+SUMIF('창고2(실사표)'!B:B,재고차이!A:A,'창고2(실사표)'!H:H)++SUMIF('믹스(잔량실사표)'!B:B,재고차이!A:A,'믹스(잔량실사표)'!H:H) -> 0 | J21: =SUM(F21:I21) -> 858 | K21: =SUMIF(SAP!B:B,재고차이!B:B,SAP!Q:Q) -> 858 | L21: =SUMIF(주간상차!A:A,재고차이!A:A,주간상차!E:E) -> 0 | M21: =J21-K21-L21-N21+O21+Q21 -> 0 | Q21: =SUMIF(파손품!D:D,재고차이!B:B,파손품!I:I)+SUMIF(동파파손!D:D,재고차이!B:B,동파파손!I:I) -> 0 | R21: =M21/E21 -> 0
A22: 5191 | B22: =VLOOKUP(A:A,제품등록!A:B,2,0) -> CC5191 | C22: =VLOOKUP(B22,제품등록!B:C,2,0) -> 코카콜라 490CAN 6X4 | E22: 70 | F22: =SUMIF('창고1(실사표)'!B:B,재고차이!A:A,'창고1(실사표)'!F:F)*D22+SUMIF('창고2(실사표)'!B:B,재고차이!A:A,'창고2(실사표)'!F:F)*D22+SUMIF('믹스(잔량실사표)'!B:B,재고차이!A:A,'믹스(잔량실사표)'!F:F)*D22 -> 0 | G22: =SUMIF('창고1(실사표)'!B:B,재고차이!A:A,'창고1(실사표)'!E:E)*E22+SUMIF('창고2(실사표)'!B:B,재고차이!A:A,'창고2(실사표)'!E:E)*E22+SUMIF('믹스(잔량실사표)'!B:B,재고차이!A:A,'믹스(잔량실사표)'!E:E)*E22 -> 70 | H22: =SUMIF('창고1(실사표)'!B:B,재고차이!A:A,'창고1(실사표)'!G:G)+SUMIF('창고2(실사표)'!B:B,재고차이!A:A,'창고2(실사표)'!G:G)++SUMIF('믹스(잔량실사표)'!B:B,재고차이!A:A,'믹스(잔량실사표)'!G:G) -> 51 | I22: =SUMIF('창고1(실사표)'!B:B,재고차이!A:A,'창고1(실사표)'!H:H)+SUMIF('창고2(실사표)'!B:B,재고차이!A:A,'창고2(실사표)'!H:H)++SUMIF('믹스(잔량실사표)'!B:B,재고차이!A:A,'믹스(잔량실사표)'!H:H) -> 0 | J22: =SUM(F22:I22) -> 121 | K22: =SUMIF(SAP!B:B,재고차이!B:B,SAP!Q:Q) -> 121 | L22: =SUMIF(주간상차!A:A,재고차이!A:A,주간상차!E:E) -> 0 | M22: =J22-K22-L22-N22+O22+Q22 -> 0 | Q22: =SUMIF(파손품!D:D,재고차이!B:B,파손품!I:I)+SUMIF(동파파손!D:D,재고차이!B:B,동파파손!I:I) -> 0 | R22: =M22/E22 -> 0
A23: 5192 | B23: =VLOOKUP(A:A,제품등록!A:B,2,0) -> CC5192 | C23: =VLOOKUP(B23,제품등록!B:C,2,0) -> 코크제로 490ml CAN 6X4 | E23: 70 | F23: =SUMIF('창고1(실사표)'!B:B,재고차이!A:A,'창고1(실사표)'!F:F)*D23+SUMIF('창고2(실사표)'!B:B,재고차이!A:A,'창고2(실사표)'!F:F)*D23+SUMIF('믹스(잔량실사표)'!B:B,재고차이!A:A,'믹스(잔량실사표)'!F:F)*D23 -> 0 | G23: =SUMIF('창고1(실사표)'!B:B,재고차이!A:A,'창고1(실사표)'!E:E)*E23+SUMIF('창고2(실사표)'!B:B,재고차이!A:A,'창고2(실사표)'!E:E)*E23+SUMIF('믹스(잔량실사표)'!B:B,재고차이!A:A,'믹스(잔량실사표)'!E:E)*E23 -> 1120 | H23: =SUMIF('창고1(실사표)'!B:B,재고차이!A:A,'창고1(실사표)'!G:G)+SUMIF('창고2(실사표)'!B:B,재고차이!A:A,'창고2(실사표)'!G:G)++SUMIF('믹스(잔량실사표)'!B:B,재고차이!A:A,'믹스(잔량실사표)'!G:G) -> 2 | I23: =SUMIF('창고1(실사표)'!B:B,재고차이!A:A,'창고1(실사표)'!H:H)+SUMIF('창고2(실사표)'!B:B,재고차이!A:A,'창고2(실사표)'!H:H)++SUMIF('믹스(잔량실사표)'!B:B,재고차이!A:A,'믹스(잔량실사표)'!H:H) -> 0 | J23: =SUM(F23:I23) -> 1122 | K23: =SUMIF(SAP!B:B,재고차이!B:B,SAP!Q:Q) -> 1122 | L23: =SUMIF(주간상차!A:A,재고차이!A:A,주간상차!E:E) -> 0 | M23: =J23-K23-L23-N23+O23+Q23 -> 0 | Q23: =SUMIF(파손품!D:D,재고차이!B:B,파손품!I:I)+SUMIF(동파파손!D:D,재고차이!B:B,동파파손!I:I) -> 0 | R23: =M23/E23 -> 0
A24: 2520 | B24: =VLOOKUP(A:A,제품등록!A:B,2,0) -> CC2520 | C24: =VLOOKUP(B24,제품등록!B:C,2,0) -> 코카-콜라 355CAN 6X4 | E24: 100 | F24: =SUMIF('창고1(실사표)'!B:B,재고차이!A:A,'창고1(실사표)'!F:F)*D24+SUMIF('창고2(실사표)'!B:B,재고차이!A:A,'창고2(실사표)'!F:F)*D24+SUMIF('믹스(잔량실사표)'!B:B,재고차이!A:A,'믹스(잔량실사표)'!F:F)*D24 -> 0 | G24: =SUMIF('창고1(실사표)'!B:B,재고차이!A:A,'창고1(실사표)'!E:E)*E24+SUMIF('창고2(실사표)'!B:B,재고차이!A:A,'창고2(실사표)'!E:E)*E24+SUMIF('믹스(잔량실사표)'!B:B,재고차이!A:A,'믹스(잔량실사표)'!E:E)*E24 -> 0 | H24: =SUMIF('창고1(실사표)'!B:B,재고차이!A:A,'창고1(실사표)'!G:G)+SUMIF('창고2(실사표)'!B:B,재고차이!A:A,'창고2(실사표)'!G:G)++SUMIF('믹스(잔량실사표)'!B:B,재고차이!A:A,'믹스(잔량실사표)'!G:G) -> 0 | I24: =SUMIF('창고1(실사표)'!B:B,재고차이!A:A,'창고1(실사표)'!H:H)+SUMIF('창고2(실사표)'!B:B,재고차이!A:A,'창고2(실사표)'!H:H)++SUMIF('믹스(잔량실사표)'!B:B,재고차이!A:A,'믹스(잔량실사표)'!H:H) -> 0 | J24: =SUM(F24:I24) -> 0 | K24: =SUMIF(SAP!B:B,재고차이!B:B,SAP!Q:Q) -> 0 | L24: =SUMIF(주간상차!A:A,재고차이!A:A,주간상차!E:E) -> 0 | M24: =J24-K24-L24-N24+O24+Q24 -> 0 | Q24: =SUMIF(파손품!D:D,재고차이!B:B,파손품!I:I)+SUMIF(동파파손!D:D,재고차이!B:B,동파파손!I:I) -> 0 | R24: =M24/E24 -> 0
A25: 2523 | B25: =VLOOKUP(A:A,제품등록!A:B,2,0) -> CC2523 | C25: =VLOOKUP(B25,제품등록!B:C,2,0) -> 코카콜라EDLP355CAN 4X6 | E25: 100 | F25: =SUMIF('창고1(실사표)'!B:B,재고차이!A:A,'창고1(실사표)'!F:F)*D25+SUMIF('창고2(실사표)'!B:B,재고차이!A:A,'창고2(실사표)'!F:F)*D25+SUMIF('믹스(잔량실사표)'!B:B,재고차이!A:A,'믹스(잔량실사표)'!F:F)*D25 -> 0 | G25: =SUMIF('창고1(실사표)'!B:B,재고차이!A:A,'창고1(실사표)'!E:E)*E25+SUMIF('창고2(실사표)'!B:B,재고차이!A:A,'창고2(실사표)'!E:E)*E25+SUMIF('믹스(잔량실사표)'!B:B,재고차이!A:A,'믹스(잔량실사표)'!E:E)*E25 -> 0 | H25: =SUMIF('창고1(실사표)'!B:B,재고차이!A:A,'창고1(실사표)'!G:G)+SUMIF('창고2(실사표)'!B:B,재고차이!A:A,'창고2(실사표)'!G:G)++SUMIF('믹스(잔량실사표)'!B:B,재고차이!A:A,'믹스(잔량실사표)'!G:G) -> 0 | I25: =SUMIF('창고1(실사표)'!B:B,재고차이!A:A,'창고1(실사표)'!H:H)+SUMIF('창고2(실사표)'!B:B,재고차이!A:A,'창고2(실사표)'!H:H)++SUMIF('믹스(잔량실사표)'!B:B,재고차이!A:A,'믹스(잔량실사표)'!H:H) -> 0 | J25: =SUM(F25:I25) -> 0 | K25: =SUMIF(SAP!B:B,재고차이!B:B,SAP!Q:Q) -> 0 | L25: =SUMIF(주간상차!A:A,재고차이!A:A,주간상차!E:E) -> 0 | M25: =J25-K25-L25-N25+O25+Q25 -> 0 | Q25: =SUMIF(파손품!D:D,재고차이!B:B,파손품!I:I)+SUMIF(동파파손!D:D,재고차이!B:B,동파파손!I:I) -> 0 | R25: =M25/E25 -> 0
A26: 5194 | B26: =VLOOKUP(A:A,제품등록!A:B,2,0) -> CC5194 | C26: =VLOOKUP(B26,제품등록!B:C,2,0) -> S)코크제로 레몬 350CAN 4X6 | E26: 100 | F26: =SUMIF('창고1(실사표)'!B:B,재고차이!A:A,'창고1(실사표)'!F:F)*D26+SUMIF('창고2(실사표)'!B:B,재고차이!A:A,'창고2(실사표)'!F:F)*D26+SUMIF('믹스(잔량실사표)'!B:B,재고차이!A:A,'믹스(잔량실사표)'!F:F)*D26 -> 0 | G26: =SUMIF('창고1(실사표)'!B:B,재고차이!A:A,'창고1(실사표)'!E:E)*E26+SUMIF('창고2(실사표)'!B:B,재고차이!A:A,'창고2(실사표)'!E:E)*E26+SUMIF('믹스(잔량실사표)'!B:B,재고차이!A:A,'믹스(잔량실사표)'!E:E)*E26 -> 100 | H26: =SUMIF('창고1(실사표)'!B:B,재고차이!A:A,'창고1(실사표)'!G:G)+SUMIF('창고2(실사표)'!B:B,재고차이!A:A,'창고2(실사표)'!G:G)++SUMIF('믹스(잔량실사표)'!B:B,재고차이!A:A,'믹스(잔량실사표)'!G:G) -> 77 | I26: =SUMIF('창고1(실사표)'!B:B,재고차이!A:A,'창고1(실사표)'!H:H)+SUMIF('창고2(실사표)'!B:B,재고차이!A:A,'창고2(실사표)'!H:H)++SUMIF('믹스(잔량실사표)'!B:B,재고차이!A:A,'믹스(잔량실사표)'!H:H) -> 0 | J26: =SUM(F26:I26) -> 177 | K26: =SUMIF(SAP!B:B,재고차이!B:B,SAP!Q:Q) -> 177 | L26: =SUMIF(주간상차!A:A,재고차이!A:A,주간상차!E:E) -> 0 | M26: =J26-K26-L26-N26+O26+Q26 -> 0 | Q26: =SUMIF(파손품!D:D,재고차이!B:B,파손품!I:I)+SUMIF(동파파손!D:D,재고차이!B:B,동파파손!I:I) -> 0 | R26: =M26/E26 -> 0
A27: 7928 | B27: =VLOOKUP(A:A,제품등록!A:B,2,0) -> CC7928 | C27: =VLOOKUP(B27,제품등록!B:C,2,0) -> 코카콜라 500PET 2X12 +올림픽 쿨러백 | E27: 32 | F27: =SUMIF('창고1(실사표)'!B:B,재고차이!A:A,'창고1(실사표)'!F:F)*D27+SUMIF('창고2(실사표)'!B:B,재고차이!A:A,'창고2(실사표)'!F:F)*D27+SUMIF('믹스(잔량실사표)'!B:B,재고차이!A:A,'믹스(잔량실사표)'!F:F)*D27 -> 0 | G27: =SUMIF('창고1(실사표)'!B:B,재고차이!A:A,'창고1(실사표)'!E:E)*E27+SUMIF('창고2(실사표)'!B:B,재고차이!A:A,'창고2(실사표)'!E:E)*E27+SUMIF('믹스(잔량실사표)'!B:B,재고차이!A:A,'믹스(잔량실사표)'!E:E)*E27 -> 0 | H27: =SUMIF('창고1(실사표)'!B:B,재고차이!A:A,'창고1(실사표)'!G:G)+SUMIF('창고2(실사표)'!B:B,재고차이!A:A,'창고2(실사표)'!G:G)++SUMIF('믹스(잔량실사표)'!B:B,재고차이!A:A,'믹스(잔량실사표)'!G:G) -> 0 | I27: =SUMIF('창고1(실사표)'!B:B,재고차이!A:A,'창고1(실사표)'!H:H)+SUMIF('창고2(실사표)'!B:B,재고차이!A:A,'창고2(실사표)'!H:H)++SUMIF('믹스(잔량실사표)'!B:B,재고차이!A:A,'믹스(잔량실사표)'!H:H) -> 0 | J27: =SUM(F27:I27) -> 0 | K27: =SUMIF(SAP!B:B,재고차이!B:B,SAP!Q:Q) -> 0 | L27: =SUMIF(주간상차!A:A,재고차이!A:A,주간상차!E:E) -> 0 | M27: =J27-K27-L27-N27+O27+Q27 -> 0 | Q27: =SUMIF(파손품!D:D,재고차이!B:B,파손품!I:I)+SUMIF(동파파손!D:D,재고차이!B:B,동파파손!I:I) -> 0 | R27: =M27/E27 -> 0
A28: 5714 | B28: =VLOOKUP(A:A,제품등록!A:B,2,0) -> CC5714 | C28: =VLOOKUP(B28,제품등록!B:C,2,0) -> 코카콜라 벚꽃 250BTC X24 | D28: 72 | E28: 108 | F28: =SUMIF('창고1(실사표)'!B:B,재고차이!A:A,'창고1(실사표)'!F:F)*D28+SUMIF('창고2(실사표)'!B:B,재고차이!A:A,'창고2(실사표)'!F:F)*D28+SUMIF('믹스(잔량실사표)'!B:B,재고차이!A:A,'믹스(잔량실사표)'!F:F)*D28 -> 0 | G28: =SUMIF('창고1(실사표)'!B:B,재고차이!A:A,'창고1(실사표)'!E:E)*E28+SUMIF('창고2(실사표)'!B:B,재고차이!A:A,'창고2(실사표)'!E:E)*E28+SUMIF('믹스(잔량실사표)'!B:B,재고차이!A:A,'믹스(잔량실사표)'!E:E)*E28 -> 0 | H28: =SUMIF('창고1(실사표)'!B:B,재고차이!A:A,'창고1(실사표)'!G:G)+SUMIF('창고2(실사표)'!B:B,재고차이!A:A,'창고2(실사표)'!G:G)++SUMIF('믹스(잔량실사표)'!B:B,재고차이!A:A,'믹스(잔량실사표)'!G:G) -> 0 | I28: =SUMIF('창고1(실사표)'!B:B,재고차이!A:A,'창고1(실사표)'!H:H)+SUMIF('창고2(실사표)'!B:B,재고차이!A:A,'창고2(실사표)'!H:H)++SUMIF('믹스(잔량실사표)'!B:B,재고차이!A:A,'믹스(잔량실사표)'!H:H) -> 0 | J28: =SUM(F28:I28) -> 0 | K28: =SUMIF(SAP!B:B,재고차이!B:B,SAP!Q:Q) -> 0 | L28: =SUMIF(주간상차!A:A,재고차이!A:A,주간상차!E:E) -> 0 | M28: =J28-K28-L28-N28+O28+Q28 -> 0 | Q28: =SUMIF(파손품!D:D,재고차이!B:B,파손품!I:I)+SUMIF(동파파손!D:D,재고차이!B:B,동파파손!I:I) -> 0 | R28: =M28/E28 -> 0
A29: 5200 | B29: =VLOOKUP(A:A,제품등록!A:B,2,0) -> CC5200 | C29: =VLOOKUP(B29,제품등록!B:C,2,0) -> 코카콜라 900PET 2X6 | E29: 65 | F29: =SUMIF('창고1(실사표)'!B:B,재고차이!A:A,'창고1(실사표)'!F:F)*D29+SUMIF('창고2(실사표)'!B:B,재고차이!A:A,'창고2(실사표)'!F:F)*D29+SUMIF('믹스(잔량실사표)'!B:B,재고차이!A:A,'믹스(잔량실사표)'!F:F)*D29 -> 0 | G29: =SUMIF('창고1(실사표)'!B:B,재고차이!A:A,'창고1(실사표)'!E:E)*E29+SUMIF('창고2(실사표)'!B:B,재고차이!A:A,'창고2(실사표)'!E:E)*E29+SUMIF('믹스(잔량실사표)'!B:B,재고차이!A:A,'믹스(잔량실사표)'!E:E)*E29 -> 0 | H29: =SUMIF('창고1(실사표)'!B:B,재고차이!A:A,'창고1(실사표)'!G:G)+SUMIF('창고2(실사표)'!B:B,재고차이!A:A,'창고2(실사표)'!G:G)++SUMIF('믹스(잔량실사표)'!B:B,재고차이!A:A,'믹스(잔량실사표)'!G:G) -> 49 | I29: =SUMIF('창고1(실사표)'!B:B,재고차이!A:A,'창고1(실사표)'!H:H)+SUMIF('창고2(실사표)'!B:B,재고차이!A:A,'창고2(실사표)'!H:H)++SUMIF('믹스(잔량실사표)'!B:B,재고차이!A:A,'믹스(잔량실사표)'!H:H) -> 0 | J29: =SUM(F29:I29) -> 49 | K29: =SUMIF(SAP!B:B,재고차이!B:B,SAP!Q:Q) -> 49 | L29: =SUMIF(주간상차!A:A,재고차이!A:A,주간상차!E:E) -> 0 | M29: =J29-K29-L29-N29+O29+Q29 -> 0 | Q29: =SUMIF(파손품!D:D,재고차이!B:B,파손품!I:I)+SUMIF(동파파손!D:D,재고차이!B:B,동파파손!I:I) -> 0 | R29: =M29/E29 -> 0
A30: 5769 | B30: =VLOOKUP(A:A,제품등록!A:B,2,0) -> CC5769 | C30: =VLOOKUP(B30,제품등록!B:C,2,0) -> 코크제로 제로 350CAN 4X6 | E30: 100 | F30: =SUMIF('창고1(실사표)'!B:B,재고차이!A:A,'창고1(실사표)'!F:F)*D30+SUMIF('창고2(실사표)'!B:B,재고차이!A:A,'창고2(실사표)'!F:F)*D30+SUMIF('믹스(잔량실사표)'!B:B,재고차이!A:A,'믹스(잔량실사표)'!F:F)*D30 -> 0 | G30: =SUMIF('창고1(실사표)'!B:B,재고차이!A:A,'창고1(실사표)'!E:E)*E30+SUMIF('창고2(실사표)'!B:B,재고차이!A:A,'창고2(실사표)'!E:E)*E30+SUMIF('믹스(잔량실사표)'!B:B,재고차이!A:A,'믹스(잔량실사표)'!E:E)*E30 -> 0 | H30: =SUMIF('창고1(실사표)'!B:B,재고차이!A:A,'창고1(실사표)'!G:G)+SUMIF('창고2(실사표)'!B:B,재고차이!A:A,'창고2(실사표)'!G:G)++SUMIF('믹스(잔량실사표)'!B:B,재고차이!A:A,'믹스(잔량실사표)'!G:G) -> 50 | I30: =SUMIF('창고1(실사표)'!B:B,재고차이!A:A,'창고1(실사표)'!H:H)+SUMIF('창고2(실사표)'!B:B,재고차이!A:A,'창고2(실사표)'!H:H)++SUMIF('믹스(잔량실사표)'!B:B,재고차이!A:A,'믹스(잔량실사표)'!H:H) -> 0 | J30: =SUM(F30:I30) -> 50 | K30: =SUMIF(SAP!B:B,재고차이!B:B,SAP!Q:Q) -> 50 | L30: =SUMIF(주간상차!A:A,재고차이!A:A,주간상차!E:E) -> 0 | M30: =J30-K30-L30-N30+O30+Q30 -> 0 | Q30: =SUMIF(파손품!D:D,재고차이!B:B,파손품!I:I)+SUMIF(동파파손!D:D,재고차이!B:B,동파파손!I:I) -> 0 | R30: =M30/E30 -> 0
A31: 5771 | B31: =VLOOKUP(A:A,제품등록!A:B,2,0) -> CC5771 | C31: =VLOOKUP(B31,제품등록!B:C,2,0) -> 코크제로 제로 250CAN 5X6 | D31: 99 | E31: 132 | F31: =SUMIF('창고1(실사표)'!B:B,재고차이!A:A,'창고1(실사표)'!F:F)*D31+SUMIF('창고2(실사표)'!B:B,재고차이!A:A,'창고2(실사표)'!F:F)*D31+SUMIF('믹스(잔량실사표)'!B:B,재고차이!A:A,'믹스(잔량실사표)'!F:F)*D31 -> 0 | G31: =SUMIF('창고1(실사표)'!B:B,재고차이!A:A,'창고1(실사표)'!E:E)*E31+SUMIF('창고2(실사표)'!B:B,재고차이!A:A,'창고2(실사표)'!E:E)*E31+SUMIF('믹스(잔량실사표)'!B:B,재고차이!A:A,'믹스(잔량실사표)'!E:E)*E31 -> 264 | H31: =SUMIF('창고1(실사표)'!B:B,재고차이!A:A,'창고1(실사표)'!G:G)+SUMIF('창고2(실사표)'!B:B,재고차이!A:A,'창고2(실사표)'!G:G)++SUMIF('믹스(잔량실사표)'!B:B,재고차이!A:A,'믹스(잔량실사표)'!G:G) -> 103 | I31: =SUMIF('창고1(실사표)'!B:B,재고차이!A:A,'창고1(실사표)'!H:H)+SUMIF('창고2(실사표)'!B:B,재고차이!A:A,'창고2(실사표)'!H:H)++SUMIF('믹스(잔량실사표)'!B:B,재고차이!A:A,'믹스(잔량실사표)'!H:H) -> 0 | J31: =SUM(F31:I31) -> 367 | K31: =SUMIF(SAP!B:B,재고차이!B:B,SAP!Q:Q) -> 367 | L31: =SUMIF(주간상차!A:A,재고차이!A:A,주간상차!E:E) -> 0 | M31: =J31-K31-L31-N31+O31+Q31 -> 0 | Q31: =SUMIF(파손품!D:D,재고차이!B:B,파손품!I:I)+SUMIF(동파파손!D:D,재고차이!B:B,동파파손!I:I) -> 0 | R31: =M31/E31 -> 0
A32: 5777 | B32: =VLOOKUP(A:A,제품등록!A:B,2,0) -> CC5777 | C32: =VLOOKUP(B32,제품등록!B:C,2,0) -> 코크제로 350CAN 4X6 | E32: 100 | F32: =SUMIF('창고1(실사표)'!B:B,재고차이!A:A,'창고1(실사표)'!F:F)*D32+SUMIF('창고2(실사표)'!B:B,재고차이!A:A,'창고2(실사표)'!F:F)*D32+SUMIF('믹스(잔량실사표)'!B:B,재고차이!A:A,'믹스(잔량실사표)'!F:F)*D32 -> 0 | G32: =SUMIF('창고1(실사표)'!B:B,재고차이!A:A,'창고1(실사표)'!E:E)*E32+SUMIF('창고2(실사표)'!B:B,재고차이!A:A,'창고2(실사표)'!E:E)*E32+SUMIF('믹스(잔량실사표)'!B:B,재고차이!A:A,'믹스(잔량실사표)'!E:E)*E32 -> 600 | H32: =SUMIF('창고1(실사표)'!B:B,재고차이!A:A,'창고1(실사표)'!G:G)+SUMIF('창고2(실사표)'!B:B,재고차이!A:A,'창고2(실사표)'!G:G)++SUMIF('믹스(잔량실사표)'!B:B,재고차이!A:A,'믹스(잔량실사표)'!G:G) -> 74 | I32: =SUMIF('창고1(실사표)'!B:B,재고차이!A:A,'창고1(실사표)'!H:H)+SUMIF('창고2(실사표)'!B:B,재고차이!A:A,'창고2(실사표)'!H:H)++SUMIF('믹스(잔량실사표)'!B:B,재고차이!A:A,'믹스(잔량실사표)'!H:H) -> 0 | J32: =SUM(F32:I32) -> 674 | K32: =SUMIF(SAP!B:B,재고차이!B:B,SAP!Q:Q) -> 474 | L32: =SUMIF(주간상차!A:A,재고차이!A:A,주간상차!E:E) -> 200 | M32: =J32-K32-L32-N32+O32+Q32 -> 0 | Q32: =SUMIF(파손품!D:D,재고차이!B:B,파손품!I:I)+SUMIF(동파파손!D:D,재고차이!B:B,동파파손!I:I) -> 0 | R32: =M32/E32 -> 0
A33: 5782 | B33: =VLOOKUP(A:A,제품등록!A:B,2,0) -> CC5782 | C33: =VLOOKUP(B33,제품등록!B:C,2,0) -> 코크제로 체리 500PET 4X6 | D33: 40 | E33: 60 | F33: =SUMIF('창고1(실사표)'!B:B,재고차이!A:A,'창고1(실사표)'!F:F)*D33+SUMIF('창고2(실사표)'!B:B,재고차이!A:A,'창고2(실사표)'!F:F)*D33+SUMIF('믹스(잔량실사표)'!B:B,재고차이!A:A,'믹스(잔량실사표)'!F:F)*D33 -> 0 | G33: =SUMIF('창고1(실사표)'!B:B,재고차이!A:A,'창고1(실사표)'!E:E)*E33+SUMIF('창고2(실사표)'!B:B,재고차이!A:A,'창고2(실사표)'!E:E)*E33+SUMIF('믹스(잔량실사표)'!B:B,재고차이!A:A,'믹스(잔량실사표)'!E:E)*E33 -> 780 | H33: =SUMIF('창고1(실사표)'!B:B,재고차이!A:A,'창고1(실사표)'!G:G)+SUMIF('창고2(실사표)'!B:B,재고차이!A:A,'창고2(실사표)'!G:G)++SUMIF('믹스(잔량실사표)'!B:B,재고차이!A:A,'믹스(잔량실사표)'!G:G) -> 14 | I33: =SUMIF('창고1(실사표)'!B:B,재고차이!A:A,'창고1(실사표)'!H:H)+SUMIF('창고2(실사표)'!B:B,재고차이!A:A,'창고2(실사표)'!H:H)++SUMIF('믹스(잔량실사표)'!B:B,재고차이!A:A,'믹스(잔량실사표)'!H:H) -> 0 | J33: =SUM(F33:I33) -> 794 | K33: =SUMIF(SAP!B:B,재고차이!B:B,SAP!Q:Q) -> 794 | L33: =SUMIF(주간상차!A:A,재고차이!A:A,주간상차!E:E) -> 0 | M33: =J33-K33-L33-N33+O33+Q33 -> 0 | Q33: =SUMIF(파손품!D:D,재고차이!B:B,파손품!I:I)+SUMIF(동파파손!D:D,재고차이!B:B,동파파손!I:I) -> 0 | R33: =M33/E33 -> 0
A34: 8279 | B34: =VLOOKUP(A:A,제품등록!A:B,2,0) -> CC8279 | C34: =VLOOKUP(B34,제품등록!B:C,2,0) -> 코크제로 355CAN 4X6 | E34: 100 | F34: =SUMIF('창고1(실사표)'!B:B,재고차이!A:A,'창고1(실사표)'!F:F)*D34+SUMIF('창고2(실사표)'!B:B,재고차이!A:A,'창고2(실사표)'!F:F)*D34+SUMIF('믹스(잔량실사표)'!B:B,재고차이!A:A,'믹스(잔량실사표)'!F:F)*D34 -> 0 | G34: =SUMIF('창고1(실사표)'!B:B,재고차이!A:A,'창고1(실사표)'!E:E)*E34+SUMIF('창고2(실사표)'!B:B,재고차이!A:A,'창고2(실사표)'!E:E)*E34+SUMIF('믹스(잔량실사표)'!B:B,재고차이!A:A,'믹스(잔량실사표)'!E:E)*E34 -> 0 | H34: =SUMIF('창고1(실사표)'!B:B,재고차이!A:A,'창고1(실사표)'!G:G)+SUMIF('창고2(실사표)'!B:B,재고차이!A:A,'창고2(실사표)'!G:G)++SUMIF('믹스(잔량실사표)'!B:B,재고차이!A:A,'믹스(잔량실사표)'!G:G) -> 0 | I34: =SUMIF('창고1(실사표)'!B:B,재고차이!A:A,'창고1(실사표)'!H:H)+SUMIF('창고2(실사표)'!B:B,재고차이!A:A,'창고2(실사표)'!H:H)++SUMIF('믹스(잔량실사표)'!B:B,재고차이!A:A,'믹스(잔량실사표)'!H:H) -> 0 | J34: =SUM(F34:I34) -> 0 | K34: =SUMIF(SAP!B:B,재고차이!B:B,SAP!Q:Q) -> 0 | L34: =SUMIF(주간상차!A:A,재고차이!A:A,주간상차!E:E) -> 0 | M34: =J34-K34-L34-N34+O34+Q34 -> 0 | Q34: =SUMIF(파손품!D:D,재고차이!B:B,파손품!I:I)+SUMIF(동파파손!D:D,재고차이!B:B,동파파손!I:I) -> 0 | R34: =M34/E34 -> 0
A35: 6676 | B35: =VLOOKUP(A:A,제품등록!A:B,2,0) -> CC6676 | C35: =VLOOKUP(B35,제품등록!B:C,2,0) -> S)코카콜라 500PET 4X6 | D35: 40 | E35: 60 | F35: =SUMIF('창고1(실사표)'!B:B,재고차이!A:A,'창고1(실사표)'!F:F)*D35+SUMIF('창고2(실사표)'!B:B,재고차이!A:A,'창고2(실사표)'!F:F)*D35+SUMIF('믹스(잔량실사표)'!B:B,재고차이!A:A,'믹스(잔량실사표)'!F:F)*D35 -> 0 | G35: =SUMIF('창고1(실사표)'!B:B,재고차이!A:A,'창고1(실사표)'!E:E)*E35+SUMIF('창고2(실사표)'!B:B,재고차이!A:A,'창고2(실사표)'!E:E)*E35+SUMIF('믹스(잔량실사표)'!B:B,재고차이!A:A,'믹스(잔량실사표)'!E:E)*E35 -> 1380 | H35: =SUMIF('창고1(실사표)'!B:B,재고차이!A:A,'창고1(실사표)'!G:G)+SUMIF('창고2(실사표)'!B:B,재고차이!A:A,'창고2(실사표)'!G:G)++SUMIF('믹스(잔량실사표)'!B:B,재고차이!A:A,'믹스(잔량실사표)'!G:G) -> 57 | I35: =SUMIF('창고1(실사표)'!B:B,재고차이!A:A,'창고1(실사표)'!H:H)+SUMIF('창고2(실사표)'!B:B,재고차이!A:A,'창고2(실사표)'!H:H)++SUMIF('믹스(잔량실사표)'!B:B,재고차이!A:A,'믹스(잔량실사표)'!H:H) -> 0 | J35: =SUM(F35:I35) -> 1437 | K35: =SUMIF(SAP!B:B,재고차이!B:B,SAP!Q:Q) -> 717 | L35: =SUMIF(주간상차!A:A,재고차이!A:A,주간상차!E:E) -> 720 | M35: =J35-K35-L35-N35+O35+Q35 -> 0 | Q35: =SUMIF(파손품!D:D,재고차이!B:B,파손품!I:I)+SUMIF(동파파손!D:D,재고차이!B:B,동파파손!I:I) -> 0 | R35: =M35/E35 -> 0
A36: 454 | B36: =VLOOKUP(A:A,제품등록!A:B,2,0) -> CC0454 | C36: =VLOOKUP(B36,제품등록!B:C,2,0) -> 코크 제로 레몬 355CAN 4X6 | E36: 100 | F36: =SUMIF('창고1(실사표)'!B:B,재고차이!A:A,'창고1(실사표)'!F:F)*D36+SUMIF('창고2(실사표)'!B:B,재고차이!A:A,'창고2(실사표)'!F:F)*D36+SUMIF('믹스(잔량실사표)'!B:B,재고차이!A:A,'믹스(잔량실사표)'!F:F)*D36 -> 0 | G36: =SUMIF('창고1(실사표)'!B:B,재고차이!A:A,'창고1(실사표)'!E:E)*E36+SUMIF('창고2(실사표)'!B:B,재고차이!A:A,'창고2(실사표)'!E:E)*E36+SUMIF('믹스(잔량실사표)'!B:B,재고차이!A:A,'믹스(잔량실사표)'!E:E)*E36 -> 0 | H36: =SUMIF('창고1(실사표)'!B:B,재고차이!A:A,'창고1(실사표)'!G:G)+SUMIF('창고2(실사표)'!B:B,재고차이!A:A,'창고2(실사표)'!G:G)++SUMIF('믹스(잔량실사표)'!B:B,재고차이!A:A,'믹스(잔량실사표)'!G:G) -> 0 | I36: =SUMIF('창고1(실사표)'!B:B,재고차이!A:A,'창고1(실사표)'!H:H)+SUMIF('창고2(실사표)'!B:B,재고차이!A:A,'창고2(실사표)'!H:H)++SUMIF('믹스(잔량실사표)'!B:B,재고차이!A:A,'믹스(잔량실사표)'!H:H) -> 0 | J36: =SUM(F36:I36) -> 0 | K36: =SUMIF(SAP!B:B,재고차이!B:B,SAP!Q:Q) -> 0 | L36: =SUMIF(주간상차!A:A,재고차이!A:A,주간상차!E:E) -> 0 | M36: =J36-K36-L36-N36+O36+Q36 -> 0 | Q36: =SUMIF(파손품!D:D,재고차이!B:B,파손품!I:I)+SUMIF(동파파손!D:D,재고차이!B:B,동파파손!I:I) -> 0 | R36: =M36/E36 -> 0
A37: 7923 | B37: =VLOOKUP(A:A,제품등록!A:B,2,0) -> CC7923 | C37: =VLOOKUP(B37,제품등록!B:C,2,0) -> S)코카-콜라1.5PET 2X6 | D37: 32 | E37: 44 | F37: =SUMIF('창고1(실사표)'!B:B,재고차이!A:A,'창고1(실사표)'!F:F)*D37+SUMIF('창고2(실사표)'!B:B,재고차이!A:A,'창고2(실사표)'!F:F)*D37+SUMIF('믹스(잔량실사표)'!B:B,재고차이!A:A,'믹스(잔량실사표)'!F:F)*D37 -> 0 | G37: =SUMIF('창고1(실사표)'!B:B,재고차이!A:A,'창고1(실사표)'!E:E)*E37+SUMIF('창고2(실사표)'!B:B,재고차이!A:A,'창고2(실사표)'!E:E)*E37+SUMIF('믹스(잔량실사표)'!B:B,재고차이!A:A,'믹스(잔량실사표)'!E:E)*E37 -> 1320 | H37: =SUMIF('창고1(실사표)'!B:B,재고차이!A:A,'창고1(실사표)'!G:G)+SUMIF('창고2(실사표)'!B:B,재고차이!A:A,'창고2(실사표)'!G:G)++SUMIF('믹스(잔량실사표)'!B:B,재고차이!A:A,'믹스(잔량실사표)'!G:G) -> 14 | I37: =SUMIF('창고1(실사표)'!B:B,재고차이!A:A,'창고1(실사표)'!H:H)+SUMIF('창고2(실사표)'!B:B,재고차이!A:A,'창고2(실사표)'!H:H)++SUMIF('믹스(잔량실사표)'!B:B,재고차이!A:A,'믹스(잔량실사표)'!H:H) -> 0 | J37: =SUM(F37:I37) -> 1334 | K37: =SUMIF(SAP!B:B,재고차이!B:B,SAP!Q:Q) -> 454 | L37: =SUMIF(주간상차!A:A,재고차이!A:A,주간상차!E:E) -> 880 | M37: =J37-K37-L37-N37+O37+Q37 -> 0 | Q37: =SUMIF(파손품!D:D,재고차이!B:B,파손품!I:I)+SUMIF(동파파손!D:D,재고차이!B:B,동파파손!I:I) -> 0 | R37: =M37/E37 -> 0
A38: 5778 | B38: =VLOOKUP(A:A,제품등록!A:B,2,0) -> CC5778 | C38: =VLOOKUP(B38,제품등록!B:C,2,0) -> 코크제로 한류 355CAN 4X6 | E38: 100 | F38: =SUMIF('창고1(실사표)'!B:B,재고차이!A:A,'창고1(실사표)'!F:F)*D38+SUMIF('창고2(실사표)'!B:B,재고차이!A:A,'창고2(실사표)'!F:F)*D38+SUMIF('믹스(잔량실사표)'!B:B,재고차이!A:A,'믹스(잔량실사표)'!F:F)*D38 -> 0 | G38: =SUMIF('창고1(실사표)'!B:B,재고차이!A:A,'창고1(실사표)'!E:E)*E38+SUMIF('창고2(실사표)'!B:B,재고차이!A:A,'창고2(실사표)'!E:E)*E38+SUMIF('믹스(잔량실사표)'!B:B,재고차이!A:A,'믹스(잔량실사표)'!E:E)*E38 -> 0 | H38: =SUMIF('창고1(실사표)'!B:B,재고차이!A:A,'창고1(실사표)'!G:G)+SUMIF('창고2(실사표)'!B:B,재고차이!A:A,'창고2(실사표)'!G:G)++SUMIF('믹스(잔량실사표)'!B:B,재고차이!A:A,'믹스(잔량실사표)'!G:G) -> 0 | I38: =SUMIF('창고1(실사표)'!B:B,재고차이!A:A,'창고1(실사표)'!H:H)+SUMIF('창고2(실사표)'!B:B,재고차이!A:A,'창고2(실사표)'!H:H)++SUMIF('믹스(잔량실사표)'!B:B,재고차이!A:A,'믹스(잔량실사표)'!H:H) -> 0 | J38: =SUM(F38:I38) -> 0 | K38: =SUMIF(SAP!B:B,재고차이!B:B,SAP!Q:Q) -> 0 | L38: =SUMIF(주간상차!A:A,재고차이!A:A,주간상차!E:E) -> 0 | M38: =J38-K38-L38-N38+O38+Q38 -> 0 | Q38: =SUMIF(파손품!D:D,재고차이!B:B,파손품!I:I)+SUMIF(동파파손!D:D,재고차이!B:B,동파파손!I:I) -> 0 | R38: =M38/E38 -> 0
A39: 5770 | B39: =VLOOKUP(A:A,제품등록!A:B,2,0) -> CC5770 | C39: =VLOOKUP(B39,제품등록!B:C,2,0) -> 코크제로 레전드 355CAN 4X6 | E39: 100 | F39: =SUMIF('창고1(실사표)'!B:B,재고차이!A:A,'창고1(실사표)'!F:F)*D39+SUMIF('창고2(실사표)'!B:B,재고차이!A:A,'창고2(실사표)'!F:F)*D39+SUMIF('믹스(잔량실사표)'!B:B,재고차이!A:A,'믹스(잔량실사표)'!F:F)*D39 -> 0 | G39: =SUMIF('창고1(실사표)'!B:B,재고차이!A:A,'창고1(실사표)'!E:E)*E39+SUMIF('창고2(실사표)'!B:B,재고차이!A:A,'창고2(실사표)'!E:E)*E39+SUMIF('믹스(잔량실사표)'!B:B,재고차이!A:A,'믹스(잔량실사표)'!E:E)*E39 -> 0 | H39: =SUMIF('창고1(실사표)'!B:B,재고차이!A:A,'창고1(실사표)'!G:G)+SUMIF('창고2(실사표)'!B:B,재고차이!A:A,'창고2(실사표)'!G:G)++SUMIF('믹스(잔량실사표)'!B:B,재고차이!A:A,'믹스(잔량실사표)'!G:G) -> 0 | I39: =SUMIF('창고1(실사표)'!B:B,재고차이!A:A,'창고1(실사표)'!H:H)+SUMIF('창고2(실사표)'!B:B,재고차이!A:A,'창고2(실사표)'!H:H)++SUMIF('믹스(잔량실사표)'!B:B,재고차이!A:A,'믹스(잔량실사표)'!H:H) -> 0 | J39: =SUM(F39:I39) -> 0 | K39: =SUMIF(SAP!B:B,재고차이!B:B,SAP!Q:Q) -> 0 | L39: =SUMIF(주간상차!A:A,재고차이!A:A,주간상차!E:E) -> 0 | M39: =J39-K39-L39-N39+O39+Q39 -> 0 | Q39: =SUMIF(파손품!D:D,재고차이!B:B,파손품!I:I)+SUMIF(동파파손!D:D,재고차이!B:B,동파파손!I:I) -> 0 | R39: =M39/E39 -> 0
A40: 7539 | B40: =VLOOKUP(A:A,제품등록!A:B,2,0) -> CC7539 | C40: =VLOOKUP(B40,제품등록!B:C,2,0) -> 코크제로 스타더스트 355CAN 4X6 | E40: 100 | F40: =SUMIF('창고1(실사표)'!B:B,재고차이!A:A,'창고1(실사표)'!F:F)*D40+SUMIF('창고2(실사표)'!B:B,재고차이!A:A,'창고2(실사표)'!F:F)*D40+SUMIF('믹스(잔량실사표)'!B:B,재고차이!A:A,'믹스(잔량실사표)'!F:F)*D40 -> 0 | G40: =SUMIF('창고1(실사표)'!B:B,재고차이!A:A,'창고1(실사표)'!E:E)*E40+SUMIF('창고2(실사표)'!B:B,재고차이!A:A,'창고2(실사표)'!E:E)*E40+SUMIF('믹스(잔량실사표)'!B:B,재고차이!A:A,'믹스(잔량실사표)'!E:E)*E40 -> 0 | H40: =SUMIF('창고1(실사표)'!B:B,재고차이!A:A,'창고1(실사표)'!G:G)+SUMIF('창고2(실사표)'!B:B,재고차이!A:A,'창고2(실사표)'!G:G)++SUMIF('믹스(잔량실사표)'!B:B,재고차이!A:A,'믹스(잔량실사표)'!G:G) -> 0 | I40: =SUMIF('창고1(실사표)'!B:B,재고차이!A:A,'창고1(실사표)'!H:H)+SUMIF('창고2(실사표)'!B:B,재고차이!A:A,'창고2(실사표)'!H:H)++SUMIF('믹스(잔량실사표)'!B:B,재고차이!A:A,'믹스(잔량실사표)'!H:H) -> 0 | J40: =SUM(F40:I40) -> 0 | K40: =SUMIF(SAP!B:B,재고차이!B:B,SAP!Q:Q) -> 0 | L40: =SUMIF(주간상차!A:A,재고차이!A:A,주간상차!E:E) -> 0 | M40: =J40-K40-L40-N40+O40+Q40 -> 0 | Q40: =SUMIF(파손품!D:D,재고차이!B:B,파손품!I:I)+SUMIF(동파파손!D:D,재고차이!B:B,동파파손!I:I) -> 0 | R40: =M40/E40 -> 0
A41: 8273 | B41: =VLOOKUP(A:A,제품등록!A:B,2,0) -> CC8273 | C41: =VLOOKUP(B41,제품등록!B:C,2,0) -> 코크 제로 250CAN 5X6 | D41: 99 | E41: 132 | F41: =SUMIF('창고1(실사표)'!B:B,재고차이!A:A,'창고1(실사표)'!F:F)*D41+SUMIF('창고2(실사표)'!B:B,재고차이!A:A,'창고2(실사표)'!F:F)*D41+SUMIF('믹스(잔량실사표)'!B:B,재고차이!A:A,'믹스(잔량실사표)'!F:F)*D41 -> 0 | G41: =SUMIF('창고1(실사표)'!B:B,재고차이!A:A,'창고1(실사표)'!E:E)*E41+SUMIF('창고2(실사표)'!B:B,재고차이!A:A,'창고2(실사표)'!E:E)*E41+SUMIF('믹스(잔량실사표)'!B:B,재고차이!A:A,'믹스(잔량실사표)'!E:E)*E41 -> 0 | H41: =SUMIF('창고1(실사표)'!B:B,재고차이!A:A,'창고1(실사표)'!G:G)+SUMIF('창고2(실사표)'!B:B,재고차이!A:A,'창고2(실사표)'!G:G)++SUMIF('믹스(잔량실사표)'!B:B,재고차이!A:A,'믹스(잔량실사표)'!G:G) -> 14 | I41: =SUMIF('창고1(실사표)'!B:B,재고차이!A:A,'창고1(실사표)'!H:H)+SUMIF('창고2(실사표)'!B:B,재고차이!A:A,'창고2(실사표)'!H:H)++SUMIF('믹스(잔량실사표)'!B:B,재고차이!A:A,'믹스(잔량실사표)'!H:H) -> 0 | J41: =SUM(F41:I41) -> 14 | K41: =SUMIF(SAP!B:B,재고차이!B:B,SAP!Q:Q) -> 14 | L41: =SUMIF(주간상차!A:A,재고차이!A:A,주간상차!E:E) -> 0 | M41: =J41-K41-L41-N41+O41+Q41 -> 0 | Q41: =SUMIF(파손품!D:D,재고차이!B:B,파손품!I:I)+SUMIF(동파파손!D:D,재고차이!B:B,동파파손!I:I) -> 0 | R41: =M41/E41 -> 0
A42: 8453 | B42: =VLOOKUP(A:A,제품등록!A:B,2,0) -> CC8453 | C42: =VLOOKUP(B42,제품등록!B:C,2,0) -> 코크제로 드림월드 355CAN 4X6 | E42: 100 | F42: =SUMIF('창고1(실사표)'!B:B,재고차이!A:A,'창고1(실사표)'!F:F)*D42+SUMIF('창고2(실사표)'!B:B,재고차이!A:A,'창고2(실사표)'!F:F)*D42+SUMIF('믹스(잔량실사표)'!B:B,재고차이!A:A,'믹스(잔량실사표)'!F:F)*D42 -> 0 | G42: =SUMIF('창고1(실사표)'!B:B,재고차이!A:A,'창고1(실사표)'!E:E)*E42+SUMIF('창고2(실사표)'!B:B,재고차이!A:A,'창고2(실사표)'!E:E)*E42+SUMIF('믹스(잔량실사표)'!B:B,재고차이!A:A,'믹스(잔량실사표)'!E:E)*E42 -> 0 | H42: =SUMIF('창고1(실사표)'!B:B,재고차이!A:A,'창고1(실사표)'!G:G)+SUMIF('창고2(실사표)'!B:B,재고차이!A:A,'창고2(실사표)'!G:G)++SUMIF('믹스(잔량실사표)'!B:B,재고차이!A:A,'믹스(잔량실사표)'!G:G) -> 0 | I42: =SUMIF('창고1(실사표)'!B:B,재고차이!A:A,'창고1(실사표)'!H:H)+SUMIF('창고2(실사표)'!B:B,재고차이!A:A,'창고2(실사표)'!H:H)++SUMIF('믹스(잔량실사표)'!B:B,재고차이!A:A,'믹스(잔량실사표)'!H:H) -> 0 | J42: =SUM(F42:I42) -> 0 | K42: =SUMIF(SAP!B:B,재고차이!B:B,SAP!Q:Q) -> 0 | L42: =SUMIF(주간상차!A:A,재고차이!A:A,주간상차!E:E) -> 0 | M42: =J42-K42-L42-N42+O42+Q42 -> 0 | Q42: =SUMIF(파손품!D:D,재고차이!B:B,파손품!I:I)+SUMIF(동파파손!D:D,재고차이!B:B,동파파손!I:I) -> 0 | R42: =M42/E42 -> 0
A43: 7984 | B43: =VLOOKUP(A:A,제품등록!A:B,2,0) -> DP7984 | C43: =VLOOKUP(B43,제품등록!B:C,2,0) -> 닥터 페퍼 355CAN X24 | D43: 88 | E43: 100 | F43: =SUMIF('창고1(실사표)'!B:B,재고차이!A:A,'창고1(실사표)'!F:F)*D43+SUMIF('창고2(실사표)'!B:B,재고차이!A:A,'창고2(실사표)'!F:F)*D43+SUMIF('믹스(잔량실사표)'!B:B,재고차이!A:A,'믹스(잔량실사표)'!F:F)*D43 -> 0 | G43: =SUMIF('창고1(실사표)'!B:B,재고차이!A:A,'창고1(실사표)'!E:E)*E43+SUMIF('창고2(실사표)'!B:B,재고차이!A:A,'창고2(실사표)'!E:E)*E43+SUMIF('믹스(잔량실사표)'!B:B,재고차이!A:A,'믹스(잔량실사표)'!E:E)*E43 -> 0 | H43: =SUMIF('창고1(실사표)'!B:B,재고차이!A:A,'창고1(실사표)'!G:G)+SUMIF('창고2(실사표)'!B:B,재고차이!A:A,'창고2(실사표)'!G:G)++SUMIF('믹스(잔량실사표)'!B:B,재고차이!A:A,'믹스(잔량실사표)'!G:G) -> 0 | I43: =SUMIF('창고1(실사표)'!B:B,재고차이!A:A,'창고1(실사표)'!H:H)+SUMIF('창고2(실사표)'!B:B,재고차이!A:A,'창고2(실사표)'!H:H)++SUMIF('믹스(잔량실사표)'!B:B,재고차이!A:A,'믹스(잔량실사표)'!H:H) -> 0 | J43: =SUM(F43:I43) -> 0 | K43: =SUMIF(SAP!B:B,재고차이!B:B,SAP!Q:Q) -> 0 | L43: =SUMIF(주간상차!A:A,재고차이!A:A,주간상차!E:E) -> 0 | M43: =J43-K43-L43-N43+O43+Q43 -> 0 | Q43: =SUMIF(파손품!D:D,재고차이!B:B,파손품!I:I)+SUMIF(동파파손!D:D,재고차이!B:B,동파파손!I:I) -> 0 | R43: =M43/E43 -> 0
A44: 8429 | B44: =VLOOKUP(A:A,제품등록!A:B,2,0) -> CC8429 | C44: =VLOOKUP(B44,제품등록!B:C,2,0) -> 코크제로 1.5PET 2X6 | D44: 32 | E44: 40 | F44: =SUMIF('창고1(실사표)'!B:B,재고차이!A:A,'창고1(실사표)'!F:F)*D44+SUMIF('창고2(실사표)'!B:B,재고차이!A:A,'창고2(실사표)'!F:F)*D44+SUMIF('믹스(잔량실사표)'!B:B,재고차이!A:A,'믹스(잔량실사표)'!F:F)*D44 -> 0 | G44: =SUMIF('창고1(실사표)'!B:B,재고차이!A:A,'창고1(실사표)'!E:E)*E44+SUMIF('창고2(실사표)'!B:B,재고차이!A:A,'창고2(실사표)'!E:E)*E44+SUMIF('믹스(잔량실사표)'!B:B,재고차이!A:A,'믹스(잔량실사표)'!E:E)*E44 -> 1320 | H44: =SUMIF('창고1(실사표)'!B:B,재고차이!A:A,'창고1(실사표)'!G:G)+SUMIF('창고2(실사표)'!B:B,재고차이!A:A,'창고2(실사표)'!G:G)++SUMIF('믹스(잔량실사표)'!B:B,재고차이!A:A,'믹스(잔량실사표)'!G:G) -> 8 | I44: =SUMIF('창고1(실사표)'!B:B,재고차이!A:A,'창고1(실사표)'!H:H)+SUMIF('창고2(실사표)'!B:B,재고차이!A:A,'창고2(실사표)'!H:H)++SUMIF('믹스(잔량실사표)'!B:B,재고차이!A:A,'믹스(잔량실사표)'!H:H) -> 0 | J44: =SUM(F44:I44) -> 1328 | K44: =SUMIF(SAP!B:B,재고차이!B:B,SAP!Q:Q) -> 168 | L44: =SUMIF(주간상차!A:A,재고차이!A:A,주간상차!E:E) -> 1160 | M44: =J44-K44-L44-N44+O44+Q44 -> 0 | Q44: =SUMIF(파손품!D:D,재고차이!B:B,파손품!I:I)+SUMIF(동파파손!D:D,재고차이!B:B,동파파손!I:I) -> 0 | R44: =M44/E44 -> 0
A45: 4112 | B45: =VLOOKUP(A:A,제품등록!A:B,2,0) -> CP4112 | C45: =VLOOKUP(B45,제품등록!B:C,2,0) -> S)코코팜 피치핑크 240CAN 5X6 | E45: 132 | F45: =SUMIF('창고1(실사표)'!B:B,재고차이!A:A,'창고1(실사표)'!F:F)*D45+SUMIF('창고2(실사표)'!B:B,재고차이!A:A,'창고2(실사표)'!F:F)*D45+SUMIF('믹스(잔량실사표)'!B:B,재고차이!A:A,'믹스(잔량실사표)'!F:F)*D45 -> 0 | G45: =SUMIF('창고1(실사표)'!B:B,재고차이!A:A,'창고1(실사표)'!E:E)*E45+SUMIF('창고2(실사표)'!B:B,재고차이!A:A,'창고2(실사표)'!E:E)*E45+SUMIF('믹스(잔량실사표)'!B:B,재고차이!A:A,'믹스(잔량실사표)'!E:E)*E45 -> 132 | H45: =SUMIF('창고1(실사표)'!B:B,재고차이!A:A,'창고1(실사표)'!G:G)+SUMIF('창고2(실사표)'!B:B,재고차이!A:A,'창고2(실사표)'!G:G)++SUMIF('믹스(잔량실사표)'!B:B,재고차이!A:A,'믹스(잔량실사표)'!G:G) -> 87 | I45: =SUMIF('창고1(실사표)'!B:B,재고차이!A:A,'창고1(실사표)'!H:H)+SUMIF('창고2(실사표)'!B:B,재고차이!A:A,'창고2(실사표)'!H:H)++SUMIF('믹스(잔량실사표)'!B:B,재고차이!A:A,'믹스(잔량실사표)'!H:H) -> 0 | J45: =SUM(F45:I45) -> 219 | K45: =SUMIF(SAP!B:B,재고차이!B:B,SAP!Q:Q) -> 219 | L45: =SUMIF(주간상차!A:A,재고차이!A:A,주간상차!E:E) -> 0 | M45: =J45-K45-L45-N45+O45+Q45 -> 0 | Q45: =SUMIF(파손품!D:D,재고차이!B:B,파손품!I:I)+SUMIF(동파파손!D:D,재고차이!B:B,동파파손!I:I) -> 0 | R45: =M45/E45 -> 0
A46: 4947 | B46: =VLOOKUP(A:A,제품등록!A:B,2,0) -> FT4947 | C46: =VLOOKUP(B46,제품등록!B:C,2,0) -> 환타오렌EDLP 355C 4X6 | D46: 88 | E46: 100 | F46: =SUMIF('창고1(실사표)'!B:B,재고차이!A:A,'창고1(실사표)'!F:F)*D46+SUMIF('창고2(실사표)'!B:B,재고차이!A:A,'창고2(실사표)'!F:F)*D46+SUMIF('믹스(잔량실사표)'!B:B,재고차이!A:A,'믹스(잔량실사표)'!F:F)*D46 -> 0 | G46: =SUMIF('창고1(실사표)'!B:B,재고차이!A:A,'창고1(실사표)'!E:E)*E46+SUMIF('창고2(실사표)'!B:B,재고차이!A:A,'창고2(실사표)'!E:E)*E46+SUMIF('믹스(잔량실사표)'!B:B,재고차이!A:A,'믹스(잔량실사표)'!E:E)*E46 -> 0 | H46: =SUMIF('창고1(실사표)'!B:B,재고차이!A:A,'창고1(실사표)'!G:G)+SUMIF('창고2(실사표)'!B:B,재고차이!A:A,'창고2(실사표)'!G:G)++SUMIF('믹스(잔량실사표)'!B:B,재고차이!A:A,'믹스(잔량실사표)'!G:G) -> 0 | I46: =SUMIF('창고1(실사표)'!B:B,재고차이!A:A,'창고1(실사표)'!H:H)+SUMIF('창고2(실사표)'!B:B,재고차이!A:A,'창고2(실사표)'!H:H)++SUMIF('믹스(잔량실사표)'!B:B,재고차이!A:A,'믹스(잔량실사표)'!H:H) -> 0 | J46: =SUM(F46:I46) -> 0 | K46: =SUMIF(SAP!B:B,재고차이!B:B,SAP!Q:Q) -> 0 | L46: =SUMIF(주간상차!A:A,재고차이!A:A,주간상차!E:E) -> 0 | M46: =J46-K46-L46-N46+O46+Q46 -> 0 | Q46: =SUMIF(파손품!D:D,재고차이!B:B,파손품!I:I)+SUMIF(동파파손!D:D,재고차이!B:B,동파파손!I:I) -> 0 | R46: =M46/E46 -> 0
A47: 4125 | B47: =VLOOKUP(A:A,제품등록!A:B,2,0) -> CP4125 | C47: =VLOOKUP(B47,제품등록!B:C,2,0) -> S)코코팜 포도 340CAN 4X6 | E47: 100 | F47: =SUMIF('창고1(실사표)'!B:B,재고차이!A:A,'창고1(실사표)'!F:F)*D47+SUMIF('창고2(실사표)'!B:B,재고차이!A:A,'창고2(실사표)'!F:F)*D47+SUMIF('믹스(잔량실사표)'!B:B,재고차이!A:A,'믹스(잔량실사표)'!F:F)*D47 -> 0 | G47: =SUMIF('창고1(실사표)'!B:B,재고차이!A:A,'창고1(실사표)'!E:E)*E47+SUMIF('창고2(실사표)'!B:B,재고차이!A:A,'창고2(실사표)'!E:E)*E47+SUMIF('믹스(잔량실사표)'!B:B,재고차이!A:A,'믹스(잔량실사표)'!E:E)*E47 -> 600 | H47: =SUMIF('창고1(실사표)'!B:B,재고차이!A:A,'창고1(실사표)'!G:G)+SUMIF('창고2(실사표)'!B:B,재고차이!A:A,'창고2(실사표)'!G:G)++SUMIF('믹스(잔량실사표)'!B:B,재고차이!A:A,'믹스(잔량실사표)'!G:G) -> 21 | I47: =SUMIF('창고1(실사표)'!B:B,재고차이!A:A,'창고1(실사표)'!H:H)+SUMIF('창고2(실사표)'!B:B,재고차이!A:A,'창고2(실사표)'!H:H)++SUMIF('믹스(잔량실사표)'!B:B,재고차이!A:A,'믹스(잔량실사표)'!H:H) -> 0 | J47: =SUM(F47:I47) -> 621 | K47: =SUMIF(SAP!B:B,재고차이!B:B,SAP!Q:Q) -> 621 | L47: =SUMIF(주간상차!A:A,재고차이!A:A,주간상차!E:E) -> 0 | M47: =J47-K47-L47-N47+O47+Q47 -> 0 | Q47: =SUMIF(파손품!D:D,재고차이!B:B,파손품!I:I)+SUMIF(동파파손!D:D,재고차이!B:B,동파파손!I:I) -> 0 | R47: =M47/E47 -> 0
A48: 2534 | B48: =VLOOKUP(A:A,제품등록!A:B,2,0) -> FT2534 | C48: =VLOOKUP(B48,제품등록!B:C,2,0) -> 환타 제로 파인 355CAN 4X6 | D48: 88 | E48: 100 | F48: =SUMIF('창고1(실사표)'!B:B,재고차이!A:A,'창고1(실사표)'!F:F)*D48+SUMIF('창고2(실사표)'!B:B,재고차이!A:A,'창고2(실사표)'!F:F)*D48+SUMIF('믹스(잔량실사표)'!B:B,재고차이!A:A,'믹스(잔량실사표)'!F:F)*D48 -> 0 | G48: =SUMIF('창고1(실사표)'!B:B,재고차이!A:A,'창고1(실사표)'!E:E)*E48+SUMIF('창고2(실사표)'!B:B,재고차이!A:A,'창고2(실사표)'!E:E)*E48+SUMIF('믹스(잔량실사표)'!B:B,재고차이!A:A,'믹스(잔량실사표)'!E:E)*E48 -> 0 | H48: =SUMIF('창고1(실사표)'!B:B,재고차이!A:A,'창고1(실사표)'!G:G)+SUMIF('창고2(실사표)'!B:B,재고차이!A:A,'창고2(실사표)'!G:G)++SUMIF('믹스(잔량실사표)'!B:B,재고차이!A:A,'믹스(잔량실사표)'!G:G) -> 0 | I48: =SUMIF('창고1(실사표)'!B:B,재고차이!A:A,'창고1(실사표)'!H:H)+SUMIF('창고2(실사표)'!B:B,재고차이!A:A,'창고2(실사표)'!H:H)++SUMIF('믹스(잔량실사표)'!B:B,재고차이!A:A,'믹스(잔량실사표)'!H:H) -> 0 | J48: =SUM(F48:I48) -> 0 | K48: =SUMIF(SAP!B:B,재고차이!B:B,SAP!Q:Q) -> 0 | L48: =SUMIF(주간상차!A:A,재고차이!A:A,주간상차!E:E) -> 0 | M48: =J48-K48-L48-N48+O48+Q48 -> 0 | Q48: =SUMIF(파손품!D:D,재고차이!B:B,파손품!I:I)+SUMIF(동파파손!D:D,재고차이!B:B,동파파손!I:I) -> 0 | R48: =M48/E48 -> 0
A49: 4281 | B49: =VLOOKUP(A:A,제품등록!A:B,2,0) -> CP4281 | C49: =VLOOKUP(B49,제품등록!B:C,2,0) -> S)코코팜 화이트 240CAN 5X6 | E49: 132 | F49: =SUMIF('창고1(실사표)'!B:B,재고차이!A:A,'창고1(실사표)'!F:F)*D49+SUMIF('창고2(실사표)'!B:B,재고차이!A:A,'창고2(실사표)'!F:F)*D49+SUMIF('믹스(잔량실사표)'!B:B,재고차이!A:A,'믹스(잔량실사표)'!F:F)*D49 -> 0 | G49: =SUMIF('창고1(실사표)'!B:B,재고차이!A:A,'창고1(실사표)'!E:E)*E49+SUMIF('창고2(실사표)'!B:B,재고차이!A:A,'창고2(실사표)'!E:E)*E49+SUMIF('믹스(잔량실사표)'!B:B,재고차이!A:A,'믹스(잔량실사표)'!E:E)*E49 -> 792 | H49: =SUMIF('창고1(실사표)'!B:B,재고차이!A:A,'창고1(실사표)'!G:G)+SUMIF('창고2(실사표)'!B:B,재고차이!A:A,'창고2(실사표)'!G:G)++SUMIF('믹스(잔량실사표)'!B:B,재고차이!A:A,'믹스(잔량실사표)'!G:G) -> 92 | I49: =SUMIF('창고1(실사표)'!B:B,재고차이!A:A,'창고1(실사표)'!H:H)+SUMIF('창고2(실사표)'!B:B,재고차이!A:A,'창고2(실사표)'!H:H)++SUMIF('믹스(잔량실사표)'!B:B,재고차이!A:A,'믹스(잔량실사표)'!H:H) -> 0 | J49: =SUM(F49:I49) -> 884 | K49: =SUMIF(SAP!B:B,재고차이!B:B,SAP!Q:Q) -> 884 | L49: =SUMIF(주간상차!A:A,재고차이!A:A,주간상차!E:E) -> 0 | M49: =J49-K49-L49-N49+O49+Q49 -> 0 | Q49: =SUMIF(파손품!D:D,재고차이!B:B,파손품!I:I)+SUMIF(동파파손!D:D,재고차이!B:B,동파파손!I:I) -> 0 | R49: =M49/E49 -> 0
A50: 2536 | B50: =VLOOKUP(A:A,제품등록!A:B,2,0) -> FT2536 | C50: =VLOOKUP(B50,제품등록!B:C,2,0) -> 환타 제로 오렌지 355CAN 4X6 | D50: 88 | E50: 100 | F50: =SUMIF('창고1(실사표)'!B:B,재고차이!A:A,'창고1(실사표)'!F:F)*D50+SUMIF('창고2(실사표)'!B:B,재고차이!A:A,'창고2(실사표)'!F:F)*D50+SUMIF('믹스(잔량실사표)'!B:B,재고차이!A:A,'믹스(잔량실사표)'!F:F)*D50 -> 0 | G50: =SUMIF('창고1(실사표)'!B:B,재고차이!A:A,'창고1(실사표)'!E:E)*E50+SUMIF('창고2(실사표)'!B:B,재고차이!A:A,'창고2(실사표)'!E:E)*E50+SUMIF('믹스(잔량실사표)'!B:B,재고차이!A:A,'믹스(잔량실사표)'!E:E)*E50 -> 0 | H50: =SUMIF('창고1(실사표)'!B:B,재고차이!A:A,'창고1(실사표)'!G:G)+SUMIF('창고2(실사표)'!B:B,재고차이!A:A,'창고2(실사표)'!G:G)++SUMIF('믹스(잔량실사표)'!B:B,재고차이!A:A,'믹스(잔량실사표)'!G:G) -> 0 | I50: =SUMIF('창고1(실사표)'!B:B,재고차이!A:A,'창고1(실사표)'!H:H)+SUMIF('창고2(실사표)'!B:B,재고차이!A:A,'창고2(실사표)'!H:H)++SUMIF('믹스(잔량실사표)'!B:B,재고차이!A:A,'믹스(잔량실사표)'!H:H) -> 0 | J50: =SUM(F50:I50) -> 0 | K50: =SUMIF(SAP!B:B,재고차이!B:B,SAP!Q:Q) -> 0 | L50: =SUMIF(주간상차!A:A,재고차이!A:A,주간상차!E:E) -> 0 | M50: =J50-K50-L50-N50+O50+Q50 -> 0 | Q50: =SUMIF(파손품!D:D,재고차이!B:B,파손품!I:I)+SUMIF(동파파손!D:D,재고차이!B:B,동파파손!I:I) -> 0 | R50: =M50/E50 -> 0
A51: DP0439 | B51: =VLOOKUP(A:A,제품등록!A:B,2,0) -> DP0439 | C51: =VLOOKUP(B51,제품등록!B:C,2,0) -> S)닥터페퍼제로 스트로베리&크림 350CAN4X6 | D51: 88 | E51: 100 | F51: =SUMIF('창고1(실사표)'!B:B,재고차이!A:A,'창고1(실사표)'!F:F)*D51+SUMIF('창고2(실사표)'!B:B,재고차이!A:A,'창고2(실사표)'!F:F)*D51+SUMIF('믹스(잔량실사표)'!B:B,재고차이!A:A,'믹스(잔량실사표)'!F:F)*D51 -> 0 | G51: =SUMIF('창고1(실사표)'!B:B,재고차이!A:A,'창고1(실사표)'!E:E)*E51+SUMIF('창고2(실사표)'!B:B,재고차이!A:A,'창고2(실사표)'!E:E)*E51+SUMIF('믹스(잔량실사표)'!B:B,재고차이!A:A,'믹스(잔량실사표)'!E:E)*E51 -> 1100 | H51: =SUMIF('창고1(실사표)'!B:B,재고차이!A:A,'창고1(실사표)'!G:G)+SUMIF('창고2(실사표)'!B:B,재고차이!A:A,'창고2(실사표)'!G:G)++SUMIF('믹스(잔량실사표)'!B:B,재고차이!A:A,'믹스(잔량실사표)'!G:G) -> 9 | I51: =SUMIF('창고1(실사표)'!B:B,재고차이!A:A,'창고1(실사표)'!H:H)+SUMIF('창고2(실사표)'!B:B,재고차이!A:A,'창고2(실사표)'!H:H)++SUMIF('믹스(잔량실사표)'!B:B,재고차이!A:A,'믹스(잔량실사표)'!H:H) -> 0 | J51: =SUM(F51:I51) -> 1109 | K51: =SUMIF(SAP!B:B,재고차이!B:B,SAP!Q:Q) -> 809 | L51: =SUMIF(주간상차!A:A,재고차이!A:A,주간상차!E:E) -> 300 | M51: =J51-K51-L51-N51+O51+Q51 -> 0 | Q51: =SUMIF(파손품!D:D,재고차이!B:B,파손품!I:I)+SUMIF(동파파손!D:D,재고차이!B:B,동파파손!I:I) -> 0 | R51: =M51/E51 -> 0
A52: 6195 | B52: =VLOOKUP(A:A,제품등록!A:B,2,0) -> CC6195 | C52: =VLOOKUP(B52,제품등록!B:C,2,0) -> 보100)코카콜라 355RGB X24 | D52: 36 | E52: 36 | F52: =SUMIF('창고1(실사표)'!B:B,재고차이!A:A,'창고1(실사표)'!F:F)*D52+SUMIF('창고2(실사표)'!B:B,재고차이!A:A,'창고2(실사표)'!F:F)*D52+SUMIF('믹스(잔량실사표)'!B:B,재고차이!A:A,'믹스(잔량실사표)'!F:F)*D52 -> 0 | G52: =SUMIF('창고1(실사표)'!B:B,재고차이!A:A,'창고1(실사표)'!E:E)*E52+SUMIF('창고2(실사표)'!B:B,재고차이!A:A,'창고2(실사표)'!E:E)*E52+SUMIF('믹스(잔량실사표)'!B:B,재고차이!A:A,'믹스(잔량실사표)'!E:E)*E52 -> 0 | H52: =SUMIF('창고1(실사표)'!B:B,재고차이!A:A,'창고1(실사표)'!G:G)+SUMIF('창고2(실사표)'!B:B,재고차이!A:A,'창고2(실사표)'!G:G)++SUMIF('믹스(잔량실사표)'!B:B,재고차이!A:A,'믹스(잔량실사표)'!G:G) -> 0 | I52: =SUMIF('창고1(실사표)'!B:B,재고차이!A:A,'창고1(실사표)'!H:H)+SUMIF('창고2(실사표)'!B:B,재고차이!A:A,'창고2(실사표)'!H:H)++SUMIF('믹스(잔량실사표)'!B:B,재고차이!A:A,'믹스(잔량실사표)'!H:H) -> 0 | J52: =SUM(F52:I52) -> 0 | K52: =SUMIF(SAP!B:B,재고차이!B:B,SAP!Q:Q) -> 0 | L52: =SUMIF(주간상차!A:A,재고차이!A:A,주간상차!E:E) -> 0 | M52: =J52-K52-L52-N52+O52+Q52 -> 0 | Q52: =SUMIF(파손품!D:D,재고차이!B:B,파손품!I:I)+SUMIF(동파파손!D:D,재고차이!B:B,동파파손!I:I) -> 0 | R52: =M52/E52 -> 0
A53: 7988 | B53: =VLOOKUP(A:A,제품등록!A:B,2,0) -> DP7988 | C53: =VLOOKUP(B53,제품등록!B:C,2,0) -> 닥터페퍼 500PET 4X6 | E53: 60 | F53: =SUMIF('창고1(실사표)'!B:B,재고차이!A:A,'창고1(실사표)'!F:F)*D53+SUMIF('창고2(실사표)'!B:B,재고차이!A:A,'창고2(실사표)'!F:F)*D53+SUMIF('믹스(잔량실사표)'!B:B,재고차이!A:A,'믹스(잔량실사표)'!F:F)*D53 -> 0 | G53: =SUMIF('창고1(실사표)'!B:B,재고차이!A:A,'창고1(실사표)'!E:E)*E53+SUMIF('창고2(실사표)'!B:B,재고차이!A:A,'창고2(실사표)'!E:E)*E53+SUMIF('믹스(잔량실사표)'!B:B,재고차이!A:A,'믹스(잔량실사표)'!E:E)*E53 -> 1680 | H53: =SUMIF('창고1(실사표)'!B:B,재고차이!A:A,'창고1(실사표)'!G:G)+SUMIF('창고2(실사표)'!B:B,재고차이!A:A,'창고2(실사표)'!G:G)++SUMIF('믹스(잔량실사표)'!B:B,재고차이!A:A,'믹스(잔량실사표)'!G:G) -> 28 | I53: =SUMIF('창고1(실사표)'!B:B,재고차이!A:A,'창고1(실사표)'!H:H)+SUMIF('창고2(실사표)'!B:B,재고차이!A:A,'창고2(실사표)'!H:H)++SUMIF('믹스(잔량실사표)'!B:B,재고차이!A:A,'믹스(잔량실사표)'!H:H) -> 0 | J53: =SUM(F53:I53) -> 1708 | K53: =SUMIF(SAP!B:B,재고차이!B:B,SAP!Q:Q) -> 1708 | L53: =SUMIF(주간상차!A:A,재고차이!A:A,주간상차!E:E) -> 0 | M53: =J53-K53-L53-N53+O53+Q53 -> 0 | Q53: =SUMIF(파손품!D:D,재고차이!B:B,파손품!I:I)+SUMIF(동파파손!D:D,재고차이!B:B,동파파손!I:I) -> 0 | R53: =M53/E53 -> 0
A54: 7994 | B54: =VLOOKUP(A:A,제품등록!A:B,2,0) -> DP7994 | C54: =VLOOKUP(B54,제품등록!B:C,2,0) -> 닥터페퍼 제로 350CAN 4X6 | D54: 88 | E54: 100 | F54: =SUMIF('창고1(실사표)'!B:B,재고차이!A:A,'창고1(실사표)'!F:F)*D54+SUMIF('창고2(실사표)'!B:B,재고차이!A:A,'창고2(실사표)'!F:F)*D54+SUMIF('믹스(잔량실사표)'!B:B,재고차이!A:A,'믹스(잔량실사표)'!F:F)*D54 -> 0 | G54: =SUMIF('창고1(실사표)'!B:B,재고차이!A:A,'창고1(실사표)'!E:E)*E54+SUMIF('창고2(실사표)'!B:B,재고차이!A:A,'창고2(실사표)'!E:E)*E54+SUMIF('믹스(잔량실사표)'!B:B,재고차이!A:A,'믹스(잔량실사표)'!E:E)*E54 -> 1700 | H54: =SUMIF('창고1(실사표)'!B:B,재고차이!A:A,'창고1(실사표)'!G:G)+SUMIF('창고2(실사표)'!B:B,재고차이!A:A,'창고2(실사표)'!G:G)++SUMIF('믹스(잔량실사표)'!B:B,재고차이!A:A,'믹스(잔량실사표)'!G:G) -> 30 | I54: =SUMIF('창고1(실사표)'!B:B,재고차이!A:A,'창고1(실사표)'!H:H)+SUMIF('창고2(실사표)'!B:B,재고차이!A:A,'창고2(실사표)'!H:H)++SUMIF('믹스(잔량실사표)'!B:B,재고차이!A:A,'믹스(잔량실사표)'!H:H) -> 0 | J54: =SUM(F54:I54) -> 1730 | K54: =SUMIF(SAP!B:B,재고차이!B:B,SAP!Q:Q) -> 1730 | L54: =SUMIF(주간상차!A:A,재고차이!A:A,주간상차!E:E) -> 0 | M54: =J54-K54-L54-N54+O54+Q54 -> 0 | Q54: =SUMIF(파손품!D:D,재고차이!B:B,파손품!I:I)+SUMIF(동파파손!D:D,재고차이!B:B,동파파손!I:I) -> 0 | R54: =M54/E54 -> 0
A55: 4177 | B55: =VLOOKUP(A:A,제품등록!A:B,2,0) -> FT4177 | C55: =VLOOKUP(B55,제품등록!B:C,2,0) -> S)환타 오렌지 350CAN 4X6 | D55: 88 | E55: 100 | F55: =SUMIF('창고1(실사표)'!B:B,재고차이!A:A,'창고1(실사표)'!F:F)*D55+SUMIF('창고2(실사표)'!B:B,재고차이!A:A,'창고2(실사표)'!F:F)*D55+SUMIF('믹스(잔량실사표)'!B:B,재고차이!A:A,'믹스(잔량실사표)'!F:F)*D55 -> 0 | G55: =SUMIF('창고1(실사표)'!B:B,재고차이!A:A,'창고1(실사표)'!E:E)*E55+SUMIF('창고2(실사표)'!B:B,재고차이!A:A,'창고2(실사표)'!E:E)*E55+SUMIF('믹스(잔량실사표)'!B:B,재고차이!A:A,'믹스(잔량실사표)'!E:E)*E55 -> 0 | H55: =SUMIF('창고1(실사표)'!B:B,재고차이!A:A,'창고1(실사표)'!G:G)+SUMIF('창고2(실사표)'!B:B,재고차이!A:A,'창고2(실사표)'!G:G)++SUMIF('믹스(잔량실사표)'!B:B,재고차이!A:A,'믹스(잔량실사표)'!G:G) -> 36 | I55: =SUMIF('창고1(실사표)'!B:B,재고차이!A:A,'창고1(실사표)'!H:H)+SUMIF('창고2(실사표)'!B:B,재고차이!A:A,'창고2(실사표)'!H:H)++SUMIF('믹스(잔량실사표)'!B:B,재고차이!A:A,'믹스(잔량실사표)'!H:H) -> 0 | J55: =SUM(F55:I55) -> 36 | K55: =SUMIF(SAP!B:B,재고차이!B:B,SAP!Q:Q) -> 36 | L55: =SUMIF(주간상차!A:A,재고차이!A:A,주간상차!E:E) -> 0 | M55: =J55-K55-L55-N55+O55+Q55 -> 0 | Q55: =SUMIF(파손품!D:D,재고차이!B:B,파손품!I:I)+SUMIF(동파파손!D:D,재고차이!B:B,동파파손!I:I) -> 0 | R55: =M55/E55 -> 0
A56: 5181 | B56: =VLOOKUP(A:A,제품등록!A:B,2,0) -> CC5181 | C56: =VLOOKUP(B56,제품등록!B:C,2,0) -> 코카콜라 무라벨 370PET X6 | E56: 280 | F56: =SUMIF('창고1(실사표)'!B:B,재고차이!A:A,'창고1(실사표)'!F:F)*D56+SUMIF('창고2(실사표)'!B:B,재고차이!A:A,'창고2(실사표)'!F:F)*D56+SUMIF('믹스(잔량실사표)'!B:B,재고차이!A:A,'믹스(잔량실사표)'!F:F)*D56 -> 0 | G56: =SUMIF('창고1(실사표)'!B:B,재고차이!A:A,'창고1(실사표)'!E:E)*E56+SUMIF('창고2(실사표)'!B:B,재고차이!A:A,'창고2(실사표)'!E:E)*E56+SUMIF('믹스(잔량실사표)'!B:B,재고차이!A:A,'믹스(잔량실사표)'!E:E)*E56 -> 0 | H56: =SUMIF('창고1(실사표)'!B:B,재고차이!A:A,'창고1(실사표)'!G:G)+SUMIF('창고2(실사표)'!B:B,재고차이!A:A,'창고2(실사표)'!G:G)++SUMIF('믹스(잔량실사표)'!B:B,재고차이!A:A,'믹스(잔량실사표)'!G:G) -> 0 | I56: =SUMIF('창고1(실사표)'!B:B,재고차이!A:A,'창고1(실사표)'!H:H)+SUMIF('창고2(실사표)'!B:B,재고차이!A:A,'창고2(실사표)'!H:H)++SUMIF('믹스(잔량실사표)'!B:B,재고차이!A:A,'믹스(잔량실사표)'!H:H) -> 0 | J56: =SUM(F56:I56) -> 0 | K56: =SUMIF(SAP!B:B,재고차이!B:B,SAP!Q:Q) -> 0 | L56: =SUMIF(주간상차!A:A,재고차이!A:A,주간상차!E:E) -> 0 | M56: =J56-K56-L56-N56+O56+Q56 -> 0 | Q56: =SUMIF(파손품!D:D,재고차이!B:B,파손품!I:I)+SUMIF(동파파손!D:D,재고차이!B:B,동파파손!I:I) -> 0 | R56: =M56/E56 -> 0
A57: 5182 | B57: =VLOOKUP(A:A,제품등록!A:B,2,0) -> CC5182 | C57: =VLOOKUP(B57,제품등록!B:C,2,0) -> 코크제로 무라벨 370PET X6 | E57: 280 | F57: =SUMIF('창고1(실사표)'!B:B,재고차이!A:A,'창고1(실사표)'!F:F)*D57+SUMIF('창고2(실사표)'!B:B,재고차이!A:A,'창고2(실사표)'!F:F)*D57+SUMIF('믹스(잔량실사표)'!B:B,재고차이!A:A,'믹스(잔량실사표)'!F:F)*D57 -> 0 | G57: =SUMIF('창고1(실사표)'!B:B,재고차이!A:A,'창고1(실사표)'!E:E)*E57+SUMIF('창고2(실사표)'!B:B,재고차이!A:A,'창고2(실사표)'!E:E)*E57+SUMIF('믹스(잔량실사표)'!B:B,재고차이!A:A,'믹스(잔량실사표)'!E:E)*E57 -> 0 | H57: =SUMIF('창고1(실사표)'!B:B,재고차이!A:A,'창고1(실사표)'!G:G)+SUMIF('창고2(실사표)'!B:B,재고차이!A:A,'창고2(실사표)'!G:G)++SUMIF('믹스(잔량실사표)'!B:B,재고차이!A:A,'믹스(잔량실사표)'!G:G) -> 0 | I57: =SUMIF('창고1(실사표)'!B:B,재고차이!A:A,'창고1(실사표)'!H:H)+SUMIF('창고2(실사표)'!B:B,재고차이!A:A,'창고2(실사표)'!H:H)++SUMIF('믹스(잔량실사표)'!B:B,재고차이!A:A,'믹스(잔량실사표)'!H:H) -> 0 | J57: =SUM(F57:I57) -> 0 | K57: =SUMIF(SAP!B:B,재고차이!B:B,SAP!Q:Q) -> 0 | L57: =SUMIF(주간상차!A:A,재고차이!A:A,주간상차!E:E) -> 0 | M57: =J57-K57-L57-N57+O57+Q57 -> 0 | Q57: =SUMIF(파손품!D:D,재고차이!B:B,파손품!I:I)+SUMIF(동파파손!D:D,재고차이!B:B,동파파손!I:I) -> 0 | R57: =M57/E57 -> 0
A58: FT4181 | B58: =VLOOKUP(A:A,제품등록!A:B,2,0) -> FT4181 | C58: =VLOOKUP(B58,제품등록!B:C,2,0) -> 환타 제로 파인 350CAN 4X6 | D58: 88 | E58: 100 | F58: =SUMIF('창고1(실사표)'!B:B,재고차이!A:A,'창고1(실사표)'!F:F)*D58+SUMIF('창고2(실사표)'!B:B,재고차이!A:A,'창고2(실사표)'!F:F)*D58+SUMIF('믹스(잔량실사표)'!B:B,재고차이!A:A,'믹스(잔량실사표)'!F:F)*D58 -> 0 | G58: =SUMIF('창고1(실사표)'!B:B,재고차이!A:A,'창고1(실사표)'!E:E)*E58+SUMIF('창고2(실사표)'!B:B,재고차이!A:A,'창고2(실사표)'!E:E)*E58+SUMIF('믹스(잔량실사표)'!B:B,재고차이!A:A,'믹스(잔량실사표)'!E:E)*E58 -> 1700 | H58: =SUMIF('창고1(실사표)'!B:B,재고차이!A:A,'창고1(실사표)'!G:G)+SUMIF('창고2(실사표)'!B:B,재고차이!A:A,'창고2(실사표)'!G:G)++SUMIF('믹스(잔량실사표)'!B:B,재고차이!A:A,'믹스(잔량실사표)'!G:G) -> 17 | I58: =SUMIF('창고1(실사표)'!B:B,재고차이!A:A,'창고1(실사표)'!H:H)+SUMIF('창고2(실사표)'!B:B,재고차이!A:A,'창고2(실사표)'!H:H)++SUMIF('믹스(잔량실사표)'!B:B,재고차이!A:A,'믹스(잔량실사표)'!H:H) -> 0 | J58: =SUM(F58:I58) -> 1717 | K58: =SUMIF(SAP!B:B,재고차이!B:B,SAP!Q:Q) -> 1617 | L58: =SUMIF(주간상차!A:A,재고차이!A:A,주간상차!E:E) -> 100 | M58: =J58-K58-L58-N58+O58+Q58 -> 0 | Q58: =SUMIF(파손품!D:D,재고차이!B:B,파손품!I:I)+SUMIF(동파파손!D:D,재고차이!B:B,동파파손!I:I) -> 0 | R58: =M58/E58 -> 0
A59: 7532 | B59: =VLOOKUP(A:A,제품등록!A:B,2,0) -> CC7532 | C59: =VLOOKUP(B59,제품등록!B:C,2,0) -> 코크 제로 1.5PET X12 | D59: 40 | E59: 44 | F59: =SUMIF('창고1(실사표)'!B:B,재고차이!A:A,'창고1(실사표)'!F:F)*D59+SUMIF('창고2(실사표)'!B:B,재고차이!A:A,'창고2(실사표)'!F:F)*D59+SUMIF('믹스(잔량실사표)'!B:B,재고차이!A:A,'믹스(잔량실사표)'!F:F)*D59 -> 0 | G59: =SUMIF('창고1(실사표)'!B:B,재고차이!A:A,'창고1(실사표)'!E:E)*E59+SUMIF('창고2(실사표)'!B:B,재고차이!A:A,'창고2(실사표)'!E:E)*E59+SUMIF('믹스(잔량실사표)'!B:B,재고차이!A:A,'믹스(잔량실사표)'!E:E)*E59 -> 0 | H59: =SUMIF('창고1(실사표)'!B:B,재고차이!A:A,'창고1(실사표)'!G:G)+SUMIF('창고2(실사표)'!B:B,재고차이!A:A,'창고2(실사표)'!G:G)++SUMIF('믹스(잔량실사표)'!B:B,재고차이!A:A,'믹스(잔량실사표)'!G:G) -> 0 | I59: =SUMIF('창고1(실사표)'!B:B,재고차이!A:A,'창고1(실사표)'!H:H)+SUMIF('창고2(실사표)'!B:B,재고차이!A:A,'창고2(실사표)'!H:H)++SUMIF('믹스(잔량실사표)'!B:B,재고차이!A:A,'믹스(잔량실사표)'!H:H) -> 0 | J59: =SUM(F59:I59) -> 0 | K59: =SUMIF(SAP!B:B,재고차이!B:B,SAP!Q:Q) -> 0 | L59: =SUMIF(주간상차!A:A,재고차이!A:A,주간상차!E:E) -> 0 | M59: =J59-K59-L59-N59+O59+Q59 -> 0 | Q59: =SUMIF(파손품!D:D,재고차이!B:B,파손품!I:I)+SUMIF(동파파손!D:D,재고차이!B:B,동파파손!I:I) -> 0 | R59: =M59/E59 -> 0
A60: 4182 | B60: =VLOOKUP(A:A,제품등록!A:B,2,0) -> FT4182 | C60: =VLOOKUP(B60,제품등록!B:C,2,0) -> 환타 제로 오렌지 350CAN 4X6 | D60: 88 | E60: 100 | F60: =SUMIF('창고1(실사표)'!B:B,재고차이!A:A,'창고1(실사표)'!F:F)*D60+SUMIF('창고2(실사표)'!B:B,재고차이!A:A,'창고2(실사표)'!F:F)*D60+SUMIF('믹스(잔량실사표)'!B:B,재고차이!A:A,'믹스(잔량실사표)'!F:F)*D60 -> 0 | G60: =SUMIF('창고1(실사표)'!B:B,재고차이!A:A,'창고1(실사표)'!E:E)*E60+SUMIF('창고2(실사표)'!B:B,재고차이!A:A,'창고2(실사표)'!E:E)*E60+SUMIF('믹스(잔량실사표)'!B:B,재고차이!A:A,'믹스(잔량실사표)'!E:E)*E60 -> 1800 | H60: =SUMIF('창고1(실사표)'!B:B,재고차이!A:A,'창고1(실사표)'!G:G)+SUMIF('창고2(실사표)'!B:B,재고차이!A:A,'창고2(실사표)'!G:G)++SUMIF('믹스(잔량실사표)'!B:B,재고차이!A:A,'믹스(잔량실사표)'!G:G) -> 8 | I60: =SUMIF('창고1(실사표)'!B:B,재고차이!A:A,'창고1(실사표)'!H:H)+SUMIF('창고2(실사표)'!B:B,재고차이!A:A,'창고2(실사표)'!H:H)++SUMIF('믹스(잔량실사표)'!B:B,재고차이!A:A,'믹스(잔량실사표)'!H:H) -> 0 | J60: =SUM(F60:I60) -> 1808 | K60: =SUMIF(SAP!B:B,재고차이!B:B,SAP!Q:Q) -> 1608 | L60: =SUMIF(주간상차!A:A,재고차이!A:A,주간상차!E:E) -> 200 | M60: =J60-K60-L60-N60+O60+Q60 -> 0 | Q60: =SUMIF(파손품!D:D,재고차이!B:B,파손품!I:I)+SUMIF(동파파손!D:D,재고차이!B:B,동파파손!I:I) -> 0 | R60: =M60/E60 -> 0
A61: 4183 | B61: =VLOOKUP(A:A,제품등록!A:B,2,0) -> FT4183 | C61: =VLOOKUP(B61,제품등록!B:C,2,0) -> S)환타 멜론 600PET 4X6 | D61: 36 | E61: 32 | F61: =SUMIF('창고1(실사표)'!B:B,재고차이!A:A,'창고1(실사표)'!F:F)*D61+SUMIF('창고2(실사표)'!B:B,재고차이!A:A,'창고2(실사표)'!F:F)*D61+SUMIF('믹스(잔량실사표)'!B:B,재고차이!A:A,'믹스(잔량실사표)'!F:F)*D61 -> 0 | G61: =SUMIF('창고1(실사표)'!B:B,재고차이!A:A,'창고1(실사표)'!E:E)*E61+SUMIF('창고2(실사표)'!B:B,재고차이!A:A,'창고2(실사표)'!E:E)*E61+SUMIF('믹스(잔량실사표)'!B:B,재고차이!A:A,'믹스(잔량실사표)'!E:E)*E61 -> 1216 | H61: =SUMIF('창고1(실사표)'!B:B,재고차이!A:A,'창고1(실사표)'!G:G)+SUMIF('창고2(실사표)'!B:B,재고차이!A:A,'창고2(실사표)'!G:G)++SUMIF('믹스(잔량실사표)'!B:B,재고차이!A:A,'믹스(잔량실사표)'!G:G) -> 31 | I61: =SUMIF('창고1(실사표)'!B:B,재고차이!A:A,'창고1(실사표)'!H:H)+SUMIF('창고2(실사표)'!B:B,재고차이!A:A,'창고2(실사표)'!H:H)++SUMIF('믹스(잔량실사표)'!B:B,재고차이!A:A,'믹스(잔량실사표)'!H:H) -> 0 | J61: =SUM(F61:I61) -> 1247 | K61: =SUMIF(SAP!B:B,재고차이!B:B,SAP!Q:Q) -> 927 | L61: =SUMIF(주간상차!A:A,재고차이!A:A,주간상차!E:E) -> 320 | M61: =J61-K61-L61-N61+O61+Q61 -> 0 | Q61: =SUMIF(파손품!D:D,재고차이!B:B,파손품!I:I)+SUMIF(동파파손!D:D,재고차이!B:B,동파파손!I:I) -> 0 | R61: =M61/E61 -> 0
A62: 4951 | B62: =VLOOKUP(A:A,제품등록!A:B,2,0) -> FT4951 | C62: =VLOOKUP(B62,제품등록!B:C,2,0) -> S)환타 파인355CAN 4X6 | E62: 100 | F62: =SUMIF('창고1(실사표)'!B:B,재고차이!A:A,'창고1(실사표)'!F:F)*D62+SUMIF('창고2(실사표)'!B:B,재고차이!A:A,'창고2(실사표)'!F:F)*D62+SUMIF('믹스(잔량실사표)'!B:B,재고차이!A:A,'믹스(잔량실사표)'!F:F)*D62 -> 0 | G62: =SUMIF('창고1(실사표)'!B:B,재고차이!A:A,'창고1(실사표)'!E:E)*E62+SUMIF('창고2(실사표)'!B:B,재고차이!A:A,'창고2(실사표)'!E:E)*E62+SUMIF('믹스(잔량실사표)'!B:B,재고차이!A:A,'믹스(잔량실사표)'!E:E)*E62 -> 0 | H62: =SUMIF('창고1(실사표)'!B:B,재고차이!A:A,'창고1(실사표)'!G:G)+SUMIF('창고2(실사표)'!B:B,재고차이!A:A,'창고2(실사표)'!G:G)++SUMIF('믹스(잔량실사표)'!B:B,재고차이!A:A,'믹스(잔량실사표)'!G:G) -> 0 | I62: =SUMIF('창고1(실사표)'!B:B,재고차이!A:A,'창고1(실사표)'!H:H)+SUMIF('창고2(실사표)'!B:B,재고차이!A:A,'창고2(실사표)'!H:H)++SUMIF('믹스(잔량실사표)'!B:B,재고차이!A:A,'믹스(잔량실사표)'!H:H) -> 0 | J62: =SUM(F62:I62) -> 0 | K62: =SUMIF(SAP!B:B,재고차이!B:B,SAP!Q:Q) -> 0 | L62: =SUMIF(주간상차!A:A,재고차이!A:A,주간상차!E:E) -> 0 | M62: =J62-K62-L62-N62+O62+Q62 -> 0 | Q62: =SUMIF(파손품!D:D,재고차이!B:B,파손품!I:I)+SUMIF(동파파손!D:D,재고차이!B:B,동파파손!I:I) -> 0 | R62: =M62/E62 -> 0
A63: 4823 | B63: =VLOOKUP(A:A,제품등록!A:B,2,0) -> FT4823 | C63: =VLOOKUP(B63,제품등록!B:C,2,0) -> 환타오렌지250CAN 5X6 M | D63: 99 | E63: 132 | F63: =SUMIF('창고1(실사표)'!B:B,재고차이!A:A,'창고1(실사표)'!F:F)*D63+SUMIF('창고2(실사표)'!B:B,재고차이!A:A,'창고2(실사표)'!F:F)*D63+SUMIF('믹스(잔량실사표)'!B:B,재고차이!A:A,'믹스(잔량실사표)'!F:F)*D63 -> 0 | G63: =SUMIF('창고1(실사표)'!B:B,재고차이!A:A,'창고1(실사표)'!E:E)*E63+SUMIF('창고2(실사표)'!B:B,재고차이!A:A,'창고2(실사표)'!E:E)*E63+SUMIF('믹스(잔량실사표)'!B:B,재고차이!A:A,'믹스(잔량실사표)'!E:E)*E63 -> 396 | H63: =SUMIF('창고1(실사표)'!B:B,재고차이!A:A,'창고1(실사표)'!G:G)+SUMIF('창고2(실사표)'!B:B,재고차이!A:A,'창고2(실사표)'!G:G)++SUMIF('믹스(잔량실사표)'!B:B,재고차이!A:A,'믹스(잔량실사표)'!G:G) -> 92 | I63: =SUMIF('창고1(실사표)'!B:B,재고차이!A:A,'창고1(실사표)'!H:H)+SUMIF('창고2(실사표)'!B:B,재고차이!A:A,'창고2(실사표)'!H:H)++SUMIF('믹스(잔량실사표)'!B:B,재고차이!A:A,'믹스(잔량실사표)'!H:H) -> 0 | J63: =SUM(F63:I63) -> 488 | K63: =SUMIF(SAP!B:B,재고차이!B:B,SAP!Q:Q) -> 488 | L63: =SUMIF(주간상차!A:A,재고차이!A:A,주간상차!E:E) -> 0 | M63: =J63-K63-L63-N63+O63+Q63 -> 0 | Q63: =SUMIF(파손품!D:D,재고차이!B:B,파손품!I:I)+SUMIF(동파파손!D:D,재고차이!B:B,동파파손!I:I) -> 0 | R63: =M63/E63 -> 0
A64: 8265 | B64: =VLOOKUP(A:A,제품등록!A:B,2,0) -> GG8265 | C64: =VLOOKUP(B64,제품등록!B:C,2,0) -> 조지아 라떼니스타 크리미 280PET 4X6 | E64: 90 | F64: =SUMIF('창고1(실사표)'!B:B,재고차이!A:A,'창고1(실사표)'!F:F)*D64+SUMIF('창고2(실사표)'!B:B,재고차이!A:A,'창고2(실사표)'!F:F)*D64+SUMIF('믹스(잔량실사표)'!B:B,재고차이!A:A,'믹스(잔량실사표)'!F:F)*D64 -> 0 | G64: =SUMIF('창고1(실사표)'!B:B,재고차이!A:A,'창고1(실사표)'!E:E)*E64+SUMIF('창고2(실사표)'!B:B,재고차이!A:A,'창고2(실사표)'!E:E)*E64+SUMIF('믹스(잔량실사표)'!B:B,재고차이!A:A,'믹스(잔량실사표)'!E:E)*E64 -> 0 | H64: =SUMIF('창고1(실사표)'!B:B,재고차이!A:A,'창고1(실사표)'!G:G)+SUMIF('창고2(실사표)'!B:B,재고차이!A:A,'창고2(실사표)'!G:G)++SUMIF('믹스(잔량실사표)'!B:B,재고차이!A:A,'믹스(잔량실사표)'!G:G) -> 0 | I64: =SUMIF('창고1(실사표)'!B:B,재고차이!A:A,'창고1(실사표)'!H:H)+SUMIF('창고2(실사표)'!B:B,재고차이!A:A,'창고2(실사표)'!H:H)++SUMIF('믹스(잔량실사표)'!B:B,재고차이!A:A,'믹스(잔량실사표)'!H:H) -> 0 | J64: =SUM(F64:I64) -> 0 | K64: =SUMIF(SAP!B:B,재고차이!B:B,SAP!Q:Q) -> 0 | L64: =SUMIF(주간상차!A:A,재고차이!A:A,주간상차!E:E) -> 0 | M64: =J64-K64-L64-N64+O64+Q64 -> 0 | Q64: =SUMIF(파손품!D:D,재고차이!B:B,파손품!I:I)+SUMIF(동파파손!D:D,재고차이!B:B,동파파손!I:I) -> 0 | R64: =M64/E64 -> 0
A65: 8266 | B65: =VLOOKUP(A:A,제품등록!A:B,2,0) -> GG8266 | C65: =VLOOKUP(B65,제품등록!B:C,2,0) -> 조지아 라떼니스타 카라멜 280PET 4X6 | E65: 90 | F65: =SUMIF('창고1(실사표)'!B:B,재고차이!A:A,'창고1(실사표)'!F:F)*D65+SUMIF('창고2(실사표)'!B:B,재고차이!A:A,'창고2(실사표)'!F:F)*D65+SUMIF('믹스(잔량실사표)'!B:B,재고차이!A:A,'믹스(잔량실사표)'!F:F)*D65 -> 0 | G65: =SUMIF('창고1(실사표)'!B:B,재고차이!A:A,'창고1(실사표)'!E:E)*E65+SUMIF('창고2(실사표)'!B:B,재고차이!A:A,'창고2(실사표)'!E:E)*E65+SUMIF('믹스(잔량실사표)'!B:B,재고차이!A:A,'믹스(잔량실사표)'!E:E)*E65 -> 0 | H65: =SUMIF('창고1(실사표)'!B:B,재고차이!A:A,'창고1(실사표)'!G:G)+SUMIF('창고2(실사표)'!B:B,재고차이!A:A,'창고2(실사표)'!G:G)++SUMIF('믹스(잔량실사표)'!B:B,재고차이!A:A,'믹스(잔량실사표)'!G:G) -> 0 | I65: =SUMIF('창고1(실사표)'!B:B,재고차이!A:A,'창고1(실사표)'!H:H)+SUMIF('창고2(실사표)'!B:B,재고차이!A:A,'창고2(실사표)'!H:H)++SUMIF('믹스(잔량실사표)'!B:B,재고차이!A:A,'믹스(잔량실사표)'!H:H) -> 0 | J65: =SUM(F65:I65) -> 0 | K65: =SUMIF(SAP!B:B,재고차이!B:B,SAP!Q:Q) -> 0 | L65: =SUMIF(주간상차!A:A,재고차이!A:A,주간상차!E:E) -> 0 | M65: =J65-K65-L65-N65+O65+Q65 -> 0 | Q65: =SUMIF(파손품!D:D,재고차이!B:B,파손품!I:I)+SUMIF(동파파손!D:D,재고차이!B:B,동파파손!I:I) -> 0 | R65: =M65/E65 -> 0
A66: 8268 | B66: =VLOOKUP(A:A,제품등록!A:B,2,0) -> GG8268 | C66: =VLOOKUP(B66,제품등록!B:C,2,0) -> 조지아 카페 마일드 라떼 500PET 4X6 | E66: 70 | F66: =SUMIF('창고1(실사표)'!B:B,재고차이!A:A,'창고1(실사표)'!F:F)*D66+SUMIF('창고2(실사표)'!B:B,재고차이!A:A,'창고2(실사표)'!F:F)*D66+SUMIF('믹스(잔량실사표)'!B:B,재고차이!A:A,'믹스(잔량실사표)'!F:F)*D66 -> 0 | G66: =SUMIF('창고1(실사표)'!B:B,재고차이!A:A,'창고1(실사표)'!E:E)*E66+SUMIF('창고2(실사표)'!B:B,재고차이!A:A,'창고2(실사표)'!E:E)*E66+SUMIF('믹스(잔량실사표)'!B:B,재고차이!A:A,'믹스(잔량실사표)'!E:E)*E66 -> 0 | H66: =SUMIF('창고1(실사표)'!B:B,재고차이!A:A,'창고1(실사표)'!G:G)+SUMIF('창고2(실사표)'!B:B,재고차이!A:A,'창고2(실사표)'!G:G)++SUMIF('믹스(잔량실사표)'!B:B,재고차이!A:A,'믹스(잔량실사표)'!G:G) -> 0 | I66: =SUMIF('창고1(실사표)'!B:B,재고차이!A:A,'창고1(실사표)'!H:H)+SUMIF('창고2(실사표)'!B:B,재고차이!A:A,'창고2(실사표)'!H:H)++SUMIF('믹스(잔량실사표)'!B:B,재고차이!A:A,'믹스(잔량실사표)'!H:H) -> 0 | J66: =SUM(F66:I66) -> 0 | K66: =SUMIF(SAP!B:B,재고차이!B:B,SAP!Q:Q) -> 0 | L66: =SUMIF(주간상차!A:A,재고차이!A:A,주간상차!E:E) -> 0 | M66: =J66-K66-L66-N66+O66+Q66 -> 0 | Q66: =SUMIF(파손품!D:D,재고차이!B:B,파손품!I:I)+SUMIF(동파파손!D:D,재고차이!B:B,동파파손!I:I) -> 0 | R66: =M66/E66 -> 0
A67: 8269 | B67: =VLOOKUP(A:A,제품등록!A:B,2,0) -> GG8269 | C67: =VLOOKUP(B67,제품등록!B:C,2,0) -> 조지아 카페 헤이즐넛 아메 500PET 4X6 | E67: 70 | F67: =SUMIF('창고1(실사표)'!B:B,재고차이!A:A,'창고1(실사표)'!F:F)*D67+SUMIF('창고2(실사표)'!B:B,재고차이!A:A,'창고2(실사표)'!F:F)*D67+SUMIF('믹스(잔량실사표)'!B:B,재고차이!A:A,'믹스(잔량실사표)'!F:F)*D67 -> 0 | G67: =SUMIF('창고1(실사표)'!B:B,재고차이!A:A,'창고1(실사표)'!E:E)*E67+SUMIF('창고2(실사표)'!B:B,재고차이!A:A,'창고2(실사표)'!E:E)*E67+SUMIF('믹스(잔량실사표)'!B:B,재고차이!A:A,'믹스(잔량실사표)'!E:E)*E67 -> 0 | H67: =SUMIF('창고1(실사표)'!B:B,재고차이!A:A,'창고1(실사표)'!G:G)+SUMIF('창고2(실사표)'!B:B,재고차이!A:A,'창고2(실사표)'!G:G)++SUMIF('믹스(잔량실사표)'!B:B,재고차이!A:A,'믹스(잔량실사표)'!G:G) -> 0 | I67: =SUMIF('창고1(실사표)'!B:B,재고차이!A:A,'창고1(실사표)'!H:H)+SUMIF('창고2(실사표)'!B:B,재고차이!A:A,'창고2(실사표)'!H:H)++SUMIF('믹스(잔량실사표)'!B:B,재고차이!A:A,'믹스(잔량실사표)'!H:H) -> 0 | J67: =SUM(F67:I67) -> 0 | K67: =SUMIF(SAP!B:B,재고차이!B:B,SAP!Q:Q) -> 0 | L67: =SUMIF(주간상차!A:A,재고차이!A:A,주간상차!E:E) -> 0 | M67: =J67-K67-L67-N67+O67+Q67 -> 0 | Q67: =SUMIF(파손품!D:D,재고차이!B:B,파손품!I:I)+SUMIF(동파파손!D:D,재고차이!B:B,동파파손!I:I) -> 0 | R67: =M67/E67 -> 0
A68: 8057 | B68: =VLOOKUP(A:A,제품등록!A:B,2,0) -> GG8057 | C68: =VLOOKUP(B68,제품등록!B:C,2,0) -> 조지아 크래프트 밀크티 470PET 4X6 | E68: 56 | F68: =SUMIF('창고1(실사표)'!B:B,재고차이!A:A,'창고1(실사표)'!F:F)*D68+SUMIF('창고2(실사표)'!B:B,재고차이!A:A,'창고2(실사표)'!F:F)*D68+SUMIF('믹스(잔량실사표)'!B:B,재고차이!A:A,'믹스(잔량실사표)'!F:F)*D68 -> 0 | G68: =SUMIF('창고1(실사표)'!B:B,재고차이!A:A,'창고1(실사표)'!E:E)*E68+SUMIF('창고2(실사표)'!B:B,재고차이!A:A,'창고2(실사표)'!E:E)*E68+SUMIF('믹스(잔량실사표)'!B:B,재고차이!A:A,'믹스(잔량실사표)'!E:E)*E68 -> 0 | H68: =SUMIF('창고1(실사표)'!B:B,재고차이!A:A,'창고1(실사표)'!G:G)+SUMIF('창고2(실사표)'!B:B,재고차이!A:A,'창고2(실사표)'!G:G)++SUMIF('믹스(잔량실사표)'!B:B,재고차이!A:A,'믹스(잔량실사표)'!G:G) -> 0 | I68: =SUMIF('창고1(실사표)'!B:B,재고차이!A:A,'창고1(실사표)'!H:H)+SUMIF('창고2(실사표)'!B:B,재고차이!A:A,'창고2(실사표)'!H:H)++SUMIF('믹스(잔량실사표)'!B:B,재고차이!A:A,'믹스(잔량실사표)'!H:H) -> 0 | J68: =SUM(F68:I68) -> 0 | K68: =SUMIF(SAP!B:B,재고차이!B:B,SAP!Q:Q) -> 0 | L68: =SUMIF(주간상차!A:A,재고차이!A:A,주간상차!E:E) -> 0 | M68: =J68-K68-L68-N68+O68+Q68 -> 0 | Q68: =SUMIF(파손품!D:D,재고차이!B:B,파손품!I:I)+SUMIF(동파파손!D:D,재고차이!B:B,동파파손!I:I) -> 0 | R68: =M68/E68 -> 0
A69: 8285 | B69: =VLOOKUP(A:A,제품등록!A:B,2,0) -> GG8285 | C69: =VLOOKUP(B69,제품등록!B:C,2,0) -> 조지아 디카페인블랙 470PET X24 | E69: 56 | F69: =SUMIF('창고1(실사표)'!B:B,재고차이!A:A,'창고1(실사표)'!F:F)*D69+SUMIF('창고2(실사표)'!B:B,재고차이!A:A,'창고2(실사표)'!F:F)*D69+SUMIF('믹스(잔량실사표)'!B:B,재고차이!A:A,'믹스(잔량실사표)'!F:F)*D69 -> 0 | G69: =SUMIF('창고1(실사표)'!B:B,재고차이!A:A,'창고1(실사표)'!E:E)*E69+SUMIF('창고2(실사표)'!B:B,재고차이!A:A,'창고2(실사표)'!E:E)*E69+SUMIF('믹스(잔량실사표)'!B:B,재고차이!A:A,'믹스(잔량실사표)'!E:E)*E69 -> 0 | H69: =SUMIF('창고1(실사표)'!B:B,재고차이!A:A,'창고1(실사표)'!G:G)+SUMIF('창고2(실사표)'!B:B,재고차이!A:A,'창고2(실사표)'!G:G)++SUMIF('믹스(잔량실사표)'!B:B,재고차이!A:A,'믹스(잔량실사표)'!G:G) -> 0 | I69: =SUMIF('창고1(실사표)'!B:B,재고차이!A:A,'창고1(실사표)'!H:H)+SUMIF('창고2(실사표)'!B:B,재고차이!A:A,'창고2(실사표)'!H:H)++SUMIF('믹스(잔량실사표)'!B:B,재고차이!A:A,'믹스(잔량실사표)'!H:H) -> 0 | J69: =SUM(F69:I69) -> 0 | K69: =SUMIF(SAP!B:B,재고차이!B:B,SAP!Q:Q) -> 0 | L69: =SUMIF(주간상차!A:A,재고차이!A:A,주간상차!E:E) -> 0 | M69: =J69-K69-L69-N69+O69+Q69 -> 0 | Q69: =SUMIF(파손품!D:D,재고차이!B:B,파손품!I:I)+SUMIF(동파파손!D:D,재고차이!B:B,동파파손!I:I) -> 0 | R69: =M69/E69 -> 0
A70: 5312 | B70: =VLOOKUP(A:A,제품등록!A:B,2,0) -> FT5312 | C70: =VLOOKUP(B70,제품등록!B:C,2,0) -> 환타 파인 250CAN 5X6 | E70: 132 | F70: =SUMIF('창고1(실사표)'!B:B,재고차이!A:A,'창고1(실사표)'!F:F)*D70+SUMIF('창고2(실사표)'!B:B,재고차이!A:A,'창고2(실사표)'!F:F)*D70+SUMIF('믹스(잔량실사표)'!B:B,재고차이!A:A,'믹스(잔량실사표)'!F:F)*D70 -> 0 | G70: =SUMIF('창고1(실사표)'!B:B,재고차이!A:A,'창고1(실사표)'!E:E)*E70+SUMIF('창고2(실사표)'!B:B,재고차이!A:A,'창고2(실사표)'!E:E)*E70+SUMIF('믹스(잔량실사표)'!B:B,재고차이!A:A,'믹스(잔량실사표)'!E:E)*E70 -> 924 | H70: =SUMIF('창고1(실사표)'!B:B,재고차이!A:A,'창고1(실사표)'!G:G)+SUMIF('창고2(실사표)'!B:B,재고차이!A:A,'창고2(실사표)'!G:G)++SUMIF('믹스(잔량실사표)'!B:B,재고차이!A:A,'믹스(잔량실사표)'!G:G) -> 128 | I70: =SUMIF('창고1(실사표)'!B:B,재고차이!A:A,'창고1(실사표)'!H:H)+SUMIF('창고2(실사표)'!B:B,재고차이!A:A,'창고2(실사표)'!H:H)++SUMIF('믹스(잔량실사표)'!B:B,재고차이!A:A,'믹스(잔량실사표)'!H:H) -> 0 | J70: =SUM(F70:I70) -> 1052 | K70: =SUMIF(SAP!B:B,재고차이!B:B,SAP!Q:Q) -> 1052 | L70: =SUMIF(주간상차!A:A,재고차이!A:A,주간상차!E:E) -> 0 | M70: =J70-K70-L70-N70+O70+Q70 -> 0 | Q70: =SUMIF(파손품!D:D,재고차이!B:B,파손품!I:I)+SUMIF(동파파손!D:D,재고차이!B:B,동파파손!I:I) -> 0 | R70: =M70/E70 -> 0
A71: 5748 | B71: =VLOOKUP(A:A,제품등록!A:B,2,0) -> FT5748 | C71: =VLOOKUP(B71,제품등록!B:C,2,0) -> 환타오렌지(S) 600P 4X6 | D71: 24 | E71: 32 | F71: =SUMIF('창고1(실사표)'!B:B,재고차이!A:A,'창고1(실사표)'!F:F)*D71+SUMIF('창고2(실사표)'!B:B,재고차이!A:A,'창고2(실사표)'!F:F)*D71+SUMIF('믹스(잔량실사표)'!B:B,재고차이!A:A,'믹스(잔량실사표)'!F:F)*D71 -> 0 | G71: =SUMIF('창고1(실사표)'!B:B,재고차이!A:A,'창고1(실사표)'!E:E)*E71+SUMIF('창고2(실사표)'!B:B,재고차이!A:A,'창고2(실사표)'!E:E)*E71+SUMIF('믹스(잔량실사표)'!B:B,재고차이!A:A,'믹스(잔량실사표)'!E:E)*E71 -> 160 | H71: =SUMIF('창고1(실사표)'!B:B,재고차이!A:A,'창고1(실사표)'!G:G)+SUMIF('창고2(실사표)'!B:B,재고차이!A:A,'창고2(실사표)'!G:G)++SUMIF('믹스(잔량실사표)'!B:B,재고차이!A:A,'믹스(잔량실사표)'!G:G) -> 29 | I71: =SUMIF('창고1(실사표)'!B:B,재고차이!A:A,'창고1(실사표)'!H:H)+SUMIF('창고2(실사표)'!B:B,재고차이!A:A,'창고2(실사표)'!H:H)++SUMIF('믹스(잔량실사표)'!B:B,재고차이!A:A,'믹스(잔량실사표)'!H:H) -> 0 | J71: =SUM(F71:I71) -> 189 | K71: =SUMIF(SAP!B:B,재고차이!B:B,SAP!Q:Q) -> 61 | L71: =SUMIF(주간상차!A:A,재고차이!A:A,주간상차!E:E) -> 128 | M71: =J71-K71-L71-N71+O71+Q71 -> 0 | Q71: =SUMIF(파손품!D:D,재고차이!B:B,파손품!I:I)+SUMIF(동파파손!D:D,재고차이!B:B,동파파손!I:I) -> 0 | R71: =M71/E71 -> 0
A72: 5749 | B72: =VLOOKUP(A:A,제품등록!A:B,2,0) -> FT5749 | C72: =VLOOKUP(B72,제품등록!B:C,2,0) -> S)환타 파인 600PET 4X6 | D72: 36 | E72: 32 | F72: =SUMIF('창고1(실사표)'!B:B,재고차이!A:A,'창고1(실사표)'!F:F)*D72+SUMIF('창고2(실사표)'!B:B,재고차이!A:A,'창고2(실사표)'!F:F)*D72+SUMIF('믹스(잔량실사표)'!B:B,재고차이!A:A,'믹스(잔량실사표)'!F:F)*D72 -> 0 | G72: =SUMIF('창고1(실사표)'!B:B,재고차이!A:A,'창고1(실사표)'!E:E)*E72+SUMIF('창고2(실사표)'!B:B,재고차이!A:A,'창고2(실사표)'!E:E)*E72+SUMIF('믹스(잔량실사표)'!B:B,재고차이!A:A,'믹스(잔량실사표)'!E:E)*E72 -> 704 | H72: =SUMIF('창고1(실사표)'!B:B,재고차이!A:A,'창고1(실사표)'!G:G)+SUMIF('창고2(실사표)'!B:B,재고차이!A:A,'창고2(실사표)'!G:G)++SUMIF('믹스(잔량실사표)'!B:B,재고차이!A:A,'믹스(잔량실사표)'!G:G) -> 30 | I72: =SUMIF('창고1(실사표)'!B:B,재고차이!A:A,'창고1(실사표)'!H:H)+SUMIF('창고2(실사표)'!B:B,재고차이!A:A,'창고2(실사표)'!H:H)++SUMIF('믹스(잔량실사표)'!B:B,재고차이!A:A,'믹스(잔량실사표)'!H:H) -> 0 | J72: =SUM(F72:I72) -> 734 | K72: =SUMIF(SAP!B:B,재고차이!B:B,SAP!Q:Q) -> 735 | L72: =SUMIF(주간상차!A:A,재고차이!A:A,주간상차!E:E) -> 0 | M72: =J72-K72-L72-N72+O72+Q72 -> 0 | Q72: =SUMIF(파손품!D:D,재고차이!B:B,파손품!I:I)+SUMIF(동파파손!D:D,재고차이!B:B,동파파손!I:I) -> 1 | R72: =M72/E72 -> 0
A73: 8259 | B73: =VLOOKUP(A:A,제품등록!A:B,2,0) -> GG8259 | C73: =VLOOKUP(B73,제품등록!B:C,2,0) -> 조지아 오리지널 200CAN 5X6 | E73: 144 | F73: =SUMIF('창고1(실사표)'!B:B,재고차이!A:A,'창고1(실사표)'!F:F)*D73+SUMIF('창고2(실사표)'!B:B,재고차이!A:A,'창고2(실사표)'!F:F)*D73+SUMIF('믹스(잔량실사표)'!B:B,재고차이!A:A,'믹스(잔량실사표)'!F:F)*D73 -> 0 | G73: =SUMIF('창고1(실사표)'!B:B,재고차이!A:A,'창고1(실사표)'!E:E)*E73+SUMIF('창고2(실사표)'!B:B,재고차이!A:A,'창고2(실사표)'!E:E)*E73+SUMIF('믹스(잔량실사표)'!B:B,재고차이!A:A,'믹스(잔량실사표)'!E:E)*E73 -> 0 | H73: =SUMIF('창고1(실사표)'!B:B,재고차이!A:A,'창고1(실사표)'!G:G)+SUMIF('창고2(실사표)'!B:B,재고차이!A:A,'창고2(실사표)'!G:G)++SUMIF('믹스(잔량실사표)'!B:B,재고차이!A:A,'믹스(잔량실사표)'!G:G) -> 0 | I73: =SUMIF('창고1(실사표)'!B:B,재고차이!A:A,'창고1(실사표)'!H:H)+SUMIF('창고2(실사표)'!B:B,재고차이!A:A,'창고2(실사표)'!H:H)++SUMIF('믹스(잔량실사표)'!B:B,재고차이!A:A,'믹스(잔량실사표)'!H:H) -> 0 | J73: =SUM(F73:I73) -> 0 | K73: =SUMIF(SAP!B:B,재고차이!B:B,SAP!Q:Q) -> 0 | L73: =SUMIF(주간상차!A:A,재고차이!A:A,주간상차!E:E) -> 0 | M73: =J73-K73-L73-N73+O73+Q73 -> 0 | Q73: =SUMIF(파손품!D:D,재고차이!B:B,파손품!I:I)+SUMIF(동파파손!D:D,재고차이!B:B,동파파손!I:I) -> 0 | R73: =M73/E73 -> 0
A74: 4867 | B74: =VLOOKUP(A:A,제품등록!A:B,2,0) -> GG4867 | C74: =VLOOKUP(B74,제품등록!B:C,2,0) -> 조지아오리지널175C 5X6 | E74: 156 | F74: =SUMIF('창고1(실사표)'!B:B,재고차이!A:A,'창고1(실사표)'!F:F)*D74+SUMIF('창고2(실사표)'!B:B,재고차이!A:A,'창고2(실사표)'!F:F)*D74+SUMIF('믹스(잔량실사표)'!B:B,재고차이!A:A,'믹스(잔량실사표)'!F:F)*D74 -> 0 | G74: =SUMIF('창고1(실사표)'!B:B,재고차이!A:A,'창고1(실사표)'!E:E)*E74+SUMIF('창고2(실사표)'!B:B,재고차이!A:A,'창고2(실사표)'!E:E)*E74+SUMIF('믹스(잔량실사표)'!B:B,재고차이!A:A,'믹스(잔량실사표)'!E:E)*E74 -> 0 | H74: =SUMIF('창고1(실사표)'!B:B,재고차이!A:A,'창고1(실사표)'!G:G)+SUMIF('창고2(실사표)'!B:B,재고차이!A:A,'창고2(실사표)'!G:G)++SUMIF('믹스(잔량실사표)'!B:B,재고차이!A:A,'믹스(잔량실사표)'!G:G) -> 0 | I74: =SUMIF('창고1(실사표)'!B:B,재고차이!A:A,'창고1(실사표)'!H:H)+SUMIF('창고2(실사표)'!B:B,재고차이!A:A,'창고2(실사표)'!H:H)++SUMIF('믹스(잔량실사표)'!B:B,재고차이!A:A,'믹스(잔량실사표)'!H:H) -> 0 | J74: =SUM(F74:I74) -> 0 | K74: =SUMIF(SAP!B:B,재고차이!B:B,SAP!Q:Q) -> 0 | L74: =SUMIF(주간상차!A:A,재고차이!A:A,주간상차!E:E) -> 0 | M74: =J74-K74-L74-N74+O74+Q74 -> 0 | Q74: =SUMIF(파손품!D:D,재고차이!B:B,파손품!I:I)+SUMIF(동파파손!D:D,재고차이!B:B,동파파손!I:I) -> 0 | R74: =M74/E74 -> 0
A75: 4881 | B75: =VLOOKUP(A:A,제품등록!A:B,2,0) -> GG4881 | C75: =VLOOKUP(B75,제품등록!B:C,2,0) -> 조지아 아메리카노 240CAN 5X6 | D75: 99 | E75: 132 | F75: =SUMIF('창고1(실사표)'!B:B,재고차이!A:A,'창고1(실사표)'!F:F)*D75+SUMIF('창고2(실사표)'!B:B,재고차이!A:A,'창고2(실사표)'!F:F)*D75+SUMIF('믹스(잔량실사표)'!B:B,재고차이!A:A,'믹스(잔량실사표)'!F:F)*D75 -> 0 | G75: =SUMIF('창고1(실사표)'!B:B,재고차이!A:A,'창고1(실사표)'!E:E)*E75+SUMIF('창고2(실사표)'!B:B,재고차이!A:A,'창고2(실사표)'!E:E)*E75+SUMIF('믹스(잔량실사표)'!B:B,재고차이!A:A,'믹스(잔량실사표)'!E:E)*E75 -> 0 | H75: =SUMIF('창고1(실사표)'!B:B,재고차이!A:A,'창고1(실사표)'!G:G)+SUMIF('창고2(실사표)'!B:B,재고차이!A:A,'창고2(실사표)'!G:G)++SUMIF('믹스(잔량실사표)'!B:B,재고차이!A:A,'믹스(잔량실사표)'!G:G) -> 0 | I75: =SUMIF('창고1(실사표)'!B:B,재고차이!A:A,'창고1(실사표)'!H:H)+SUMIF('창고2(실사표)'!B:B,재고차이!A:A,'창고2(실사표)'!H:H)++SUMIF('믹스(잔량실사표)'!B:B,재고차이!A:A,'믹스(잔량실사표)'!H:H) -> 0 | J75: =SUM(F75:I75) -> 0 | K75: =SUMIF(SAP!B:B,재고차이!B:B,SAP!Q:Q) -> 0 | L75: =SUMIF(주간상차!A:A,재고차이!A:A,주간상차!E:E) -> 0 | M75: =J75-K75-L75-N75+O75+Q75 -> 0 | Q75: =SUMIF(파손품!D:D,재고차이!B:B,파손품!I:I)+SUMIF(동파파손!D:D,재고차이!B:B,동파파손!I:I) -> 0 | R75: =M75/E75 -> 0
A76: 8067 | B76: =VLOOKUP(A:A,제품등록!A:B,2,0) -> GG8067 | C76: =VLOOKUP(B76,제품등록!B:C,2,0) -> 조지아 콜드브루 라떼 240CAN 5X6 | E76: 132 | F76: =SUMIF('창고1(실사표)'!B:B,재고차이!A:A,'창고1(실사표)'!F:F)*D76+SUMIF('창고2(실사표)'!B:B,재고차이!A:A,'창고2(실사표)'!F:F)*D76+SUMIF('믹스(잔량실사표)'!B:B,재고차이!A:A,'믹스(잔량실사표)'!F:F)*D76 -> 0 | G76: =SUMIF('창고1(실사표)'!B:B,재고차이!A:A,'창고1(실사표)'!E:E)*E76+SUMIF('창고2(실사표)'!B:B,재고차이!A:A,'창고2(실사표)'!E:E)*E76+SUMIF('믹스(잔량실사표)'!B:B,재고차이!A:A,'믹스(잔량실사표)'!E:E)*E76 -> 0 | H76: =SUMIF('창고1(실사표)'!B:B,재고차이!A:A,'창고1(실사표)'!G:G)+SUMIF('창고2(실사표)'!B:B,재고차이!A:A,'창고2(실사표)'!G:G)++SUMIF('믹스(잔량실사표)'!B:B,재고차이!A:A,'믹스(잔량실사표)'!G:G) -> 0 | I76: =SUMIF('창고1(실사표)'!B:B,재고차이!A:A,'창고1(실사표)'!H:H)+SUMIF('창고2(실사표)'!B:B,재고차이!A:A,'창고2(실사표)'!H:H)++SUMIF('믹스(잔량실사표)'!B:B,재고차이!A:A,'믹스(잔량실사표)'!H:H) -> 0 | J76: =SUM(F76:I76) -> 0 | K76: =SUMIF(SAP!B:B,재고차이!B:B,SAP!Q:Q) -> 0 | L76: =SUMIF(주간상차!A:A,재고차이!A:A,주간상차!E:E) -> 0 | M76: =J76-K76-L76-N76+O76+Q76 -> 0 | Q76: =SUMIF(파손품!D:D,재고차이!B:B,파손품!I:I)+SUMIF(동파파손!D:D,재고차이!B:B,동파파손!I:I) -> 0 | R76: =M76/E76 -> 0
A77: 8068 | B77: =VLOOKUP(A:A,제품등록!A:B,2,0) -> GG8068 | C77: =VLOOKUP(B77,제품등록!B:C,2,0) -> 조지아 콜드브루 아메 240CAN 5X6 | E77: 132 | F77: =SUMIF('창고1(실사표)'!B:B,재고차이!A:A,'창고1(실사표)'!F:F)*D77+SUMIF('창고2(실사표)'!B:B,재고차이!A:A,'창고2(실사표)'!F:F)*D77+SUMIF('믹스(잔량실사표)'!B:B,재고차이!A:A,'믹스(잔량실사표)'!F:F)*D77 -> 0 | G77: =SUMIF('창고1(실사표)'!B:B,재고차이!A:A,'창고1(실사표)'!E:E)*E77+SUMIF('창고2(실사표)'!B:B,재고차이!A:A,'창고2(실사표)'!E:E)*E77+SUMIF('믹스(잔량실사표)'!B:B,재고차이!A:A,'믹스(잔량실사표)'!E:E)*E77 -> 0 | H77: =SUMIF('창고1(실사표)'!B:B,재고차이!A:A,'창고1(실사표)'!G:G)+SUMIF('창고2(실사표)'!B:B,재고차이!A:A,'창고2(실사표)'!G:G)++SUMIF('믹스(잔량실사표)'!B:B,재고차이!A:A,'믹스(잔량실사표)'!G:G) -> 0 | I77: =SUMIF('창고1(실사표)'!B:B,재고차이!A:A,'창고1(실사표)'!H:H)+SUMIF('창고2(실사표)'!B:B,재고차이!A:A,'창고2(실사표)'!H:H)++SUMIF('믹스(잔량실사표)'!B:B,재고차이!A:A,'믹스(잔량실사표)'!H:H) -> 0 | J77: =SUM(F77:I77) -> 0 | K77: =SUMIF(SAP!B:B,재고차이!B:B,SAP!Q:Q) -> 0 | L77: =SUMIF(주간상차!A:A,재고차이!A:A,주간상차!E:E) -> 0 | M77: =J77-K77-L77-N77+O77+Q77 -> 0 | Q77: =SUMIF(파손품!D:D,재고차이!B:B,파손품!I:I)+SUMIF(동파파손!D:D,재고차이!B:B,동파파손!I:I) -> 0 | R77: =M77/E77 -> 0
A78: 8082 | B78: =VLOOKUP(A:A,제품등록!A:B,2,0) -> GG8082 | C78: =VLOOKUP(B78,제품등록!B:C,2,0) -> S)조지아 리치아로마 블랙 270BTC 4X6 | E78: 100 | F78: =SUMIF('창고1(실사표)'!B:B,재고차이!A:A,'창고1(실사표)'!F:F)*D78+SUMIF('창고2(실사표)'!B:B,재고차이!A:A,'창고2(실사표)'!F:F)*D78+SUMIF('믹스(잔량실사표)'!B:B,재고차이!A:A,'믹스(잔량실사표)'!F:F)*D78 -> 0 | G78: =SUMIF('창고1(실사표)'!B:B,재고차이!A:A,'창고1(실사표)'!E:E)*E78+SUMIF('창고2(실사표)'!B:B,재고차이!A:A,'창고2(실사표)'!E:E)*E78+SUMIF('믹스(잔량실사표)'!B:B,재고차이!A:A,'믹스(잔량실사표)'!E:E)*E78 -> 0 | H78: =SUMIF('창고1(실사표)'!B:B,재고차이!A:A,'창고1(실사표)'!G:G)+SUMIF('창고2(실사표)'!B:B,재고차이!A:A,'창고2(실사표)'!G:G)++SUMIF('믹스(잔량실사표)'!B:B,재고차이!A:A,'믹스(잔량실사표)'!G:G) -> 0 | I78: =SUMIF('창고1(실사표)'!B:B,재고차이!A:A,'창고1(실사표)'!H:H)+SUMIF('창고2(실사표)'!B:B,재고차이!A:A,'창고2(실사표)'!H:H)++SUMIF('믹스(잔량실사표)'!B:B,재고차이!A:A,'믹스(잔량실사표)'!H:H) -> 0 | J78: =SUM(F78:I78) -> 0 | K78: =SUMIF(SAP!B:B,재고차이!B:B,SAP!Q:Q) -> 0 | L78: =SUMIF(주간상차!A:A,재고차이!A:A,주간상차!E:E) -> 0 | M78: =J78-K78-L78-N78+O78+Q78 -> 0 | Q78: =SUMIF(파손품!D:D,재고차이!B:B,파손품!I:I)+SUMIF(동파파손!D:D,재고차이!B:B,동파파손!I:I) -> 0 | R78: =M78/E78 -> 0
A79: 8291 | B79: =VLOOKUP(A:A,제품등록!A:B,2,0) -> GG8291 | C79: =VLOOKUP(B79,제품등록!B:C,2,0) -> S)조지아 리치아로마 블랙 270PET 4X6 | E79: 100 | F79: =SUMIF('창고1(실사표)'!B:B,재고차이!A:A,'창고1(실사표)'!F:F)*D79+SUMIF('창고2(실사표)'!B:B,재고차이!A:A,'창고2(실사표)'!F:F)*D79+SUMIF('믹스(잔량실사표)'!B:B,재고차이!A:A,'믹스(잔량실사표)'!F:F)*D79 -> 0 | G79: =SUMIF('창고1(실사표)'!B:B,재고차이!A:A,'창고1(실사표)'!E:E)*E79+SUMIF('창고2(실사표)'!B:B,재고차이!A:A,'창고2(실사표)'!E:E)*E79+SUMIF('믹스(잔량실사표)'!B:B,재고차이!A:A,'믹스(잔량실사표)'!E:E)*E79 -> 0 | H79: =SUMIF('창고1(실사표)'!B:B,재고차이!A:A,'창고1(실사표)'!G:G)+SUMIF('창고2(실사표)'!B:B,재고차이!A:A,'창고2(실사표)'!G:G)++SUMIF('믹스(잔량실사표)'!B:B,재고차이!A:A,'믹스(잔량실사표)'!G:G) -> 0 | I79: =SUMIF('창고1(실사표)'!B:B,재고차이!A:A,'창고1(실사표)'!H:H)+SUMIF('창고2(실사표)'!B:B,재고차이!A:A,'창고2(실사표)'!H:H)++SUMIF('믹스(잔량실사표)'!B:B,재고차이!A:A,'믹스(잔량실사표)'!H:H) -> 0 | J79: =SUM(F79:I79) -> 0 | K79: =SUMIF(SAP!B:B,재고차이!B:B,SAP!Q:Q) -> 0 | L79: =SUMIF(주간상차!A:A,재고차이!A:A,주간상차!E:E) -> 0 | M79: =J79-K79-L79-N79+O79+Q79 -> 0 | Q79: =SUMIF(파손품!D:D,재고차이!B:B,파손품!I:I)+SUMIF(동파파손!D:D,재고차이!B:B,동파파손!I:I) -> 0 | R79: =M79/E79 -> 0
A80: 8292 | B80: =VLOOKUP(A:A,제품등록!A:B,2,0) -> GG8292 | C80: =VLOOKUP(B80,제품등록!B:C,2,0) -> S)조지아 리치아로마 스윗아메 270PET 4X6 | E80: 100 | F80: =SUMIF('창고1(실사표)'!B:B,재고차이!A:A,'창고1(실사표)'!F:F)*D80+SUMIF('창고2(실사표)'!B:B,재고차이!A:A,'창고2(실사표)'!F:F)*D80+SUMIF('믹스(잔량실사표)'!B:B,재고차이!A:A,'믹스(잔량실사표)'!F:F)*D80 -> 0 | G80: =SUMIF('창고1(실사표)'!B:B,재고차이!A:A,'창고1(실사표)'!E:E)*E80+SUMIF('창고2(실사표)'!B:B,재고차이!A:A,'창고2(실사표)'!E:E)*E80+SUMIF('믹스(잔량실사표)'!B:B,재고차이!A:A,'믹스(잔량실사표)'!E:E)*E80 -> 0 | H80: =SUMIF('창고1(실사표)'!B:B,재고차이!A:A,'창고1(실사표)'!G:G)+SUMIF('창고2(실사표)'!B:B,재고차이!A:A,'창고2(실사표)'!G:G)++SUMIF('믹스(잔량실사표)'!B:B,재고차이!A:A,'믹스(잔량실사표)'!G:G) -> 0 | I80: =SUMIF('창고1(실사표)'!B:B,재고차이!A:A,'창고1(실사표)'!H:H)+SUMIF('창고2(실사표)'!B:B,재고차이!A:A,'창고2(실사표)'!H:H)++SUMIF('믹스(잔량실사표)'!B:B,재고차이!A:A,'믹스(잔량실사표)'!H:H) -> 0 | J80: =SUM(F80:I80) -> 0 | K80: =SUMIF(SAP!B:B,재고차이!B:B,SAP!Q:Q) -> 0 | L80: =SUMIF(주간상차!A:A,재고차이!A:A,주간상차!E:E) -> 0 | M80: =J80-K80-L80-N80+O80+Q80 -> 0 | Q80: =SUMIF(파손품!D:D,재고차이!B:B,파손품!I:I)+SUMIF(동파파손!D:D,재고차이!B:B,동파파손!I:I) -> 0 | R80: =M80/E80 -> 0
A81: 8293 | B81: =VLOOKUP(A:A,제품등록!A:B,2,0) -> GG8293 | C81: =VLOOKUP(B81,제품등록!B:C,2,0) -> S)조지아 리치아로마 라떼 270PET 4X6 | E81: 100 | F81: =SUMIF('창고1(실사표)'!B:B,재고차이!A:A,'창고1(실사표)'!F:F)*D81+SUMIF('창고2(실사표)'!B:B,재고차이!A:A,'창고2(실사표)'!F:F)*D81+SUMIF('믹스(잔량실사표)'!B:B,재고차이!A:A,'믹스(잔량실사표)'!F:F)*D81 -> 0 | G81: =SUMIF('창고1(실사표)'!B:B,재고차이!A:A,'창고1(실사표)'!E:E)*E81+SUMIF('창고2(실사표)'!B:B,재고차이!A:A,'창고2(실사표)'!E:E)*E81+SUMIF('믹스(잔량실사표)'!B:B,재고차이!A:A,'믹스(잔량실사표)'!E:E)*E81 -> 0 | H81: =SUMIF('창고1(실사표)'!B:B,재고차이!A:A,'창고1(실사표)'!G:G)+SUMIF('창고2(실사표)'!B:B,재고차이!A:A,'창고2(실사표)'!G:G)++SUMIF('믹스(잔량실사표)'!B:B,재고차이!A:A,'믹스(잔량실사표)'!G:G) -> 0 | I81: =SUMIF('창고1(실사표)'!B:B,재고차이!A:A,'창고1(실사표)'!H:H)+SUMIF('창고2(실사표)'!B:B,재고차이!A:A,'창고2(실사표)'!H:H)++SUMIF('믹스(잔량실사표)'!B:B,재고차이!A:A,'믹스(잔량실사표)'!H:H) -> 0 | J81: =SUM(F81:I81) -> 0 | K81: =SUMIF(SAP!B:B,재고차이!B:B,SAP!Q:Q) -> 0 | L81: =SUMIF(주간상차!A:A,재고차이!A:A,주간상차!E:E) -> 0 | M81: =J81-K81-L81-N81+O81+Q81 -> 0 | Q81: =SUMIF(파손품!D:D,재고차이!B:B,파손품!I:I)+SUMIF(동파파손!D:D,재고차이!B:B,동파파손!I:I) -> 0 | R81: =M81/E81 -> 0
A82: 8051 | B82: =VLOOKUP(A:A,제품등록!A:B,2,0) -> GG8051 | C82: =VLOOKUP(B82,제품등록!B:C,2,0) -> 조지아 크래프트 콜드블랙 370PET 4X6 | E82: 70 | F82: =SUMIF('창고1(실사표)'!B:B,재고차이!A:A,'창고1(실사표)'!F:F)*D82+SUMIF('창고2(실사표)'!B:B,재고차이!A:A,'창고2(실사표)'!F:F)*D82+SUMIF('믹스(잔량실사표)'!B:B,재고차이!A:A,'믹스(잔량실사표)'!F:F)*D82 -> 0 | G82: =SUMIF('창고1(실사표)'!B:B,재고차이!A:A,'창고1(실사표)'!E:E)*E82+SUMIF('창고2(실사표)'!B:B,재고차이!A:A,'창고2(실사표)'!E:E)*E82+SUMIF('믹스(잔량실사표)'!B:B,재고차이!A:A,'믹스(잔량실사표)'!E:E)*E82 -> 0 | H82: =SUMIF('창고1(실사표)'!B:B,재고차이!A:A,'창고1(실사표)'!G:G)+SUMIF('창고2(실사표)'!B:B,재고차이!A:A,'창고2(실사표)'!G:G)++SUMIF('믹스(잔량실사표)'!B:B,재고차이!A:A,'믹스(잔량실사표)'!G:G) -> 0 | I82: =SUMIF('창고1(실사표)'!B:B,재고차이!A:A,'창고1(실사표)'!H:H)+SUMIF('창고2(실사표)'!B:B,재고차이!A:A,'창고2(실사표)'!H:H)++SUMIF('믹스(잔량실사표)'!B:B,재고차이!A:A,'믹스(잔량실사표)'!H:H) -> 0 | J82: =SUM(F82:I82) -> 0 | K82: =SUMIF(SAP!B:B,재고차이!B:B,SAP!Q:Q) -> 0 | L82: =SUMIF(주간상차!A:A,재고차이!A:A,주간상차!E:E) -> 0 | M82: =J82-K82-L82-N82+O82+Q82 -> 0 | Q82: =SUMIF(파손품!D:D,재고차이!B:B,파손품!I:I)+SUMIF(동파파손!D:D,재고차이!B:B,동파파손!I:I) -> 0 | R82: =M82/E82 -> 0
A83: 8052 | B83: =VLOOKUP(A:A,제품등록!A:B,2,0) -> GG8052 | C83: =VLOOKUP(B83,제품등록!B:C,2,0) -> 조지아 크래프트 콜드라떼 370PET 4X6 | E83: 70 | F83: =SUMIF('창고1(실사표)'!B:B,재고차이!A:A,'창고1(실사표)'!F:F)*D83+SUMIF('창고2(실사표)'!B:B,재고차이!A:A,'창고2(실사표)'!F:F)*D83+SUMIF('믹스(잔량실사표)'!B:B,재고차이!A:A,'믹스(잔량실사표)'!F:F)*D83 -> 0 | G83: =SUMIF('창고1(실사표)'!B:B,재고차이!A:A,'창고1(실사표)'!E:E)*E83+SUMIF('창고2(실사표)'!B:B,재고차이!A:A,'창고2(실사표)'!E:E)*E83+SUMIF('믹스(잔량실사표)'!B:B,재고차이!A:A,'믹스(잔량실사표)'!E:E)*E83 -> 0 | H83: =SUMIF('창고1(실사표)'!B:B,재고차이!A:A,'창고1(실사표)'!G:G)+SUMIF('창고2(실사표)'!B:B,재고차이!A:A,'창고2(실사표)'!G:G)++SUMIF('믹스(잔량실사표)'!B:B,재고차이!A:A,'믹스(잔량실사표)'!G:G) -> 0 | I83: =SUMIF('창고1(실사표)'!B:B,재고차이!A:A,'창고1(실사표)'!H:H)+SUMIF('창고2(실사표)'!B:B,재고차이!A:A,'창고2(실사표)'!H:H)++SUMIF('믹스(잔량실사표)'!B:B,재고차이!A:A,'믹스(잔량실사표)'!H:H) -> 0 | J83: =SUM(F83:I83) -> 0 | K83: =SUMIF(SAP!B:B,재고차이!B:B,SAP!Q:Q) -> 0 | L83: =SUMIF(주간상차!A:A,재고차이!A:A,주간상차!E:E) -> 0 | M83: =J83-K83-L83-N83+O83+Q83 -> 0 | Q83: =SUMIF(파손품!D:D,재고차이!B:B,파손품!I:I)+SUMIF(동파파손!D:D,재고차이!B:B,동파파손!I:I) -> 0 | R83: =M83/E83 -> 0
A84: 8115 | B84: =VLOOKUP(A:A,제품등록!A:B,2,0) -> GG8115 | C84: =VLOOKUP(B84,제품등록!B:C,2,0) -> 조지아 크래프트 블랙 800PET 2X6 | E84: 65 | F84: =SUMIF('창고1(실사표)'!B:B,재고차이!A:A,'창고1(실사표)'!F:F)*D84+SUMIF('창고2(실사표)'!B:B,재고차이!A:A,'창고2(실사표)'!F:F)*D84+SUMIF('믹스(잔량실사표)'!B:B,재고차이!A:A,'믹스(잔량실사표)'!F:F)*D84 -> 0 | G84: =SUMIF('창고1(실사표)'!B:B,재고차이!A:A,'창고1(실사표)'!E:E)*E84+SUMIF('창고2(실사표)'!B:B,재고차이!A:A,'창고2(실사표)'!E:E)*E84+SUMIF('믹스(잔량실사표)'!B:B,재고차이!A:A,'믹스(잔량실사표)'!E:E)*E84 -> 0 | H84: =SUMIF('창고1(실사표)'!B:B,재고차이!A:A,'창고1(실사표)'!G:G)+SUMIF('창고2(실사표)'!B:B,재고차이!A:A,'창고2(실사표)'!G:G)++SUMIF('믹스(잔량실사표)'!B:B,재고차이!A:A,'믹스(잔량실사표)'!G:G) -> 0 | I84: =SUMIF('창고1(실사표)'!B:B,재고차이!A:A,'창고1(실사표)'!H:H)+SUMIF('창고2(실사표)'!B:B,재고차이!A:A,'창고2(실사표)'!H:H)++SUMIF('믹스(잔량실사표)'!B:B,재고차이!A:A,'믹스(잔량실사표)'!H:H) -> 0 | J84: =SUM(F84:I84) -> 0 | K84: =SUMIF(SAP!B:B,재고차이!B:B,SAP!Q:Q) -> 0 | L84: =SUMIF(주간상차!A:A,재고차이!A:A,주간상차!E:E) -> 0 | M84: =J84-K84-L84-N84+O84+Q84 -> 0 | Q84: =SUMIF(파손품!D:D,재고차이!B:B,파손품!I:I)+SUMIF(동파파손!D:D,재고차이!B:B,동파파손!I:I) -> 0 | R84: =M84/E84 -> 0
A85: 8090 | B85: =VLOOKUP(A:A,제품등록!A:B,2,0) -> GG8090 | C85: =VLOOKUP(B85,제품등록!B:C,2,0) -> 조지아 고티카 콜드라떼 265BTC 4X6 | E85: 96 | F85: =SUMIF('창고1(실사표)'!B:B,재고차이!A:A,'창고1(실사표)'!F:F)*D85+SUMIF('창고2(실사표)'!B:B,재고차이!A:A,'창고2(실사표)'!F:F)*D85+SUMIF('믹스(잔량실사표)'!B:B,재고차이!A:A,'믹스(잔량실사표)'!F:F)*D85 -> 0 | G85: =SUMIF('창고1(실사표)'!B:B,재고차이!A:A,'창고1(실사표)'!E:E)*E85+SUMIF('창고2(실사표)'!B:B,재고차이!A:A,'창고2(실사표)'!E:E)*E85+SUMIF('믹스(잔량실사표)'!B:B,재고차이!A:A,'믹스(잔량실사표)'!E:E)*E85 -> 0 | H85: =SUMIF('창고1(실사표)'!B:B,재고차이!A:A,'창고1(실사표)'!G:G)+SUMIF('창고2(실사표)'!B:B,재고차이!A:A,'창고2(실사표)'!G:G)++SUMIF('믹스(잔량실사표)'!B:B,재고차이!A:A,'믹스(잔량실사표)'!G:G) -> 0 | I85: =SUMIF('창고1(실사표)'!B:B,재고차이!A:A,'창고1(실사표)'!H:H)+SUMIF('창고2(실사표)'!B:B,재고차이!A:A,'창고2(실사표)'!H:H)++SUMIF('믹스(잔량실사표)'!B:B,재고차이!A:A,'믹스(잔량실사표)'!H:H) -> 0 | J85: =SUM(F85:I85) -> 0 | K85: =SUMIF(SAP!B:B,재고차이!B:B,SAP!Q:Q) -> 0 | L85: =SUMIF(주간상차!A:A,재고차이!A:A,주간상차!E:E) -> 0 | M85: =J85-K85-L85-N85+O85+Q85 -> 0 | Q85: =SUMIF(파손품!D:D,재고차이!B:B,파손품!I:I)+SUMIF(동파파손!D:D,재고차이!B:B,동파파손!I:I) -> 0 | R85: =M85/E85 -> 0
A86: 8167 | B86: =VLOOKUP(A:A,제품등록!A:B,2,0) -> GG8167 | C86: =VLOOKUP(B86,제품등록!B:C,2,0) -> S)조지아 리치아로마 라떼 270BTC 4X6 | E86: 100 | F86: =SUMIF('창고1(실사표)'!B:B,재고차이!A:A,'창고1(실사표)'!F:F)*D86+SUMIF('창고2(실사표)'!B:B,재고차이!A:A,'창고2(실사표)'!F:F)*D86+SUMIF('믹스(잔량실사표)'!B:B,재고차이!A:A,'믹스(잔량실사표)'!F:F)*D86 -> 0 | G86: =SUMIF('창고1(실사표)'!B:B,재고차이!A:A,'창고1(실사표)'!E:E)*E86+SUMIF('창고2(실사표)'!B:B,재고차이!A:A,'창고2(실사표)'!E:E)*E86+SUMIF('믹스(잔량실사표)'!B:B,재고차이!A:A,'믹스(잔량실사표)'!E:E)*E86 -> 0 | H86: =SUMIF('창고1(실사표)'!B:B,재고차이!A:A,'창고1(실사표)'!G:G)+SUMIF('창고2(실사표)'!B:B,재고차이!A:A,'창고2(실사표)'!G:G)++SUMIF('믹스(잔량실사표)'!B:B,재고차이!A:A,'믹스(잔량실사표)'!G:G) -> 0 | I86: =SUMIF('창고1(실사표)'!B:B,재고차이!A:A,'창고1(실사표)'!H:H)+SUMIF('창고2(실사표)'!B:B,재고차이!A:A,'창고2(실사표)'!H:H)++SUMIF('믹스(잔량실사표)'!B:B,재고차이!A:A,'믹스(잔량실사표)'!H:H) -> 0 | J86: =SUM(F86:I86) -> 0 | K86: =SUMIF(SAP!B:B,재고차이!B:B,SAP!Q:Q) -> 0 | L86: =SUMIF(주간상차!A:A,재고차이!A:A,주간상차!E:E) -> 0 | M86: =J86-K86-L86-N86+O86+Q86 -> 0 | Q86: =SUMIF(파손품!D:D,재고차이!B:B,파손품!I:I)+SUMIF(동파파손!D:D,재고차이!B:B,동파파손!I:I) -> 0 | R86: =M86/E86 -> 0
A87: 8091 | B87: =VLOOKUP(A:A,제품등록!A:B,2,0) -> GG8091 | C87: =VLOOKUP(B87,제품등록!B:C,2,0) -> 조지아 고티카 콜드아메 265BTC 4X6 | E87: 96 | F87: =SUMIF('창고1(실사표)'!B:B,재고차이!A:A,'창고1(실사표)'!F:F)*D87+SUMIF('창고2(실사표)'!B:B,재고차이!A:A,'창고2(실사표)'!F:F)*D87+SUMIF('믹스(잔량실사표)'!B:B,재고차이!A:A,'믹스(잔량실사표)'!F:F)*D87 -> 0 | G87: =SUMIF('창고1(실사표)'!B:B,재고차이!A:A,'창고1(실사표)'!E:E)*E87+SUMIF('창고2(실사표)'!B:B,재고차이!A:A,'창고2(실사표)'!E:E)*E87+SUMIF('믹스(잔량실사표)'!B:B,재고차이!A:A,'믹스(잔량실사표)'!E:E)*E87 -> 0 | H87: =SUMIF('창고1(실사표)'!B:B,재고차이!A:A,'창고1(실사표)'!G:G)+SUMIF('창고2(실사표)'!B:B,재고차이!A:A,'창고2(실사표)'!G:G)++SUMIF('믹스(잔량실사표)'!B:B,재고차이!A:A,'믹스(잔량실사표)'!G:G) -> 0 | I87: =SUMIF('창고1(실사표)'!B:B,재고차이!A:A,'창고1(실사표)'!H:H)+SUMIF('창고2(실사표)'!B:B,재고차이!A:A,'창고2(실사표)'!H:H)++SUMIF('믹스(잔량실사표)'!B:B,재고차이!A:A,'믹스(잔량실사표)'!H:H) -> 0 | J87: =SUM(F87:I87) -> 0 | K87: =SUMIF(SAP!B:B,재고차이!B:B,SAP!Q:Q) -> 0 | L87: =SUMIF(주간상차!A:A,재고차이!A:A,주간상차!E:E) -> 0 | M87: =J87-K87-L87-N87+O87+Q87 -> 0 | Q87: =SUMIF(파손품!D:D,재고차이!B:B,파손품!I:I)+SUMIF(동파파손!D:D,재고차이!B:B,동파파손!I:I) -> 0 | R87: =M87/E87 -> 0
... A89: 8222 | B89: =VLOOKUP(A:A,제품등록!A:B,2,0) -> GG8222 | C89: =VLOOKUP(B89,제품등록!B:C,2,0) -> 조지아 스윗아메 230PU 5X10 | E89: 40 | F89: =SUMIF('창고1(실사표)'!B:B,재고차이!A:A,'창고1(실사표)'!F:F)*D89+SUMIF('창고2(실사표)'!B:B,재고차이!A:A,'창고2(실사표)'!F:F)*D89+SUMIF('믹스(잔량실사표)'!B:B,재고차이!A:A,'믹스(잔량실사표)'!F:F)*D89 -> 0 | G89: =SUMIF('창고1(실사표)'!B:B,재고차이!A:A,'창고1(실사표)'!E:E)*E89+SUMIF('창고2(실사표)'!B:B,재고차이!A:A,'창고2(실사표)'!E:E)*E89+SUMIF('믹스(잔량실사표)'!B:B,재고차이!A:A,'믹스(잔량실사표)'!E:E)*E89 -> 0 | H89: =SUMIF('창고1(실사표)'!B:B,재고차이!A:A,'창고1(실사표)'!G:G)+SUMIF('창고2(실사표)'!B:B,재고차이!A:A,'창고2(실사표)'!G:G)++SUMIF('믹스(잔량실사표)'!B:B,재고차이!A:A,'믹스(잔량실사표)'!G:G) -> 0 | I89: =SUMIF('창고1(실사표)'!B:B,재고차이!A:A,'창고1(실사표)'!H:H)+SUMIF('창고2(실사표)'!B:B,재고차이!A:A,'창고2(실사표)'!H:H)++SUMIF('믹스(잔량실사표)'!B:B,재고차이!A:A,'믹스(잔량실사표)'!H:H) -> 0 | J89: =SUM(F89:I89) -> 0 | K89: =SUMIF(SAP!B:B,재고차이!B:B,SAP!Q:Q) -> 0 | L89: =SUMIF(주간상차!A:A,재고차이!A:A,주간상차!E:E) -> 0 | M89: =J89-K89-L89-N89+O89+Q89 -> 0 | Q89: =SUMIF(파손품!D:D,재고차이!B:B,파손품!I:I)+SUMIF(동파파손!D:D,재고차이!B:B,동파파손!I:I) -> 0 | R89: =M89/E89 -> 0
A90: GG8143 | B90: =VLOOKUP(A:A,제품등록!A:B,2,0) -> GG8143 | C90: =VLOOKUP(B90,제품등록!B:C,2,0) -> S)조지아 고티카 마스터스 390BTC 4X6 | E90: 80 | F90: =SUMIF('창고1(실사표)'!B:B,재고차이!A:A,'창고1(실사표)'!F:F)*D90+SUMIF('창고2(실사표)'!B:B,재고차이!A:A,'창고2(실사표)'!F:F)*D90+SUMIF('믹스(잔량실사표)'!B:B,재고차이!A:A,'믹스(잔량실사표)'!F:F)*D90 -> 0 | G90: =SUMIF('창고1(실사표)'!B:B,재고차이!A:A,'창고1(실사표)'!E:E)*E90+SUMIF('창고2(실사표)'!B:B,재고차이!A:A,'창고2(실사표)'!E:E)*E90+SUMIF('믹스(잔량실사표)'!B:B,재고차이!A:A,'믹스(잔량실사표)'!E:E)*E90 -> 0 | H90: =SUMIF('창고1(실사표)'!B:B,재고차이!A:A,'창고1(실사표)'!G:G)+SUMIF('창고2(실사표)'!B:B,재고차이!A:A,'창고2(실사표)'!G:G)++SUMIF('믹스(잔량실사표)'!B:B,재고차이!A:A,'믹스(잔량실사표)'!G:G) -> 0 | I90: =SUMIF('창고1(실사표)'!B:B,재고차이!A:A,'창고1(실사표)'!H:H)+SUMIF('창고2(실사표)'!B:B,재고차이!A:A,'창고2(실사표)'!H:H)++SUMIF('믹스(잔량실사표)'!B:B,재고차이!A:A,'믹스(잔량실사표)'!H:H) -> 0 | J90: =SUM(F90:I90) -> 0 | K90: =SUMIF(SAP!B:B,재고차이!B:B,SAP!Q:Q) -> 0 | L90: =SUMIF(주간상차!A:A,재고차이!A:A,주간상차!E:E) -> 0 | M90: =J90-K90-L90-N90+O90+Q90 -> 0 | Q90: =SUMIF(파손품!D:D,재고차이!B:B,파손품!I:I)+SUMIF(동파파손!D:D,재고차이!B:B,동파파손!I:I) -> 0 | R90: =M90/E90 -> 0
A91: 5570 | B91: =VLOOKUP(A:A,제품등록!A:B,2,0) -> GL5570 | C91: =VLOOKUP(B91,제품등록!B:C,2,0) -> 글라소 파워씨 500PET 2X6 | E91: 96 | F91: =SUMIF('창고1(실사표)'!B:B,재고차이!A:A,'창고1(실사표)'!F:F)*D91+SUMIF('창고2(실사표)'!B:B,재고차이!A:A,'창고2(실사표)'!F:F)*D91+SUMIF('믹스(잔량실사표)'!B:B,재고차이!A:A,'믹스(잔량실사표)'!F:F)*D91 -> 0 | G91: =SUMIF('창고1(실사표)'!B:B,재고차이!A:A,'창고1(실사표)'!E:E)*E91+SUMIF('창고2(실사표)'!B:B,재고차이!A:A,'창고2(실사표)'!E:E)*E91+SUMIF('믹스(잔량실사표)'!B:B,재고차이!A:A,'믹스(잔량실사표)'!E:E)*E91 -> 0 | H91: =SUMIF('창고1(실사표)'!B:B,재고차이!A:A,'창고1(실사표)'!G:G)+SUMIF('창고2(실사표)'!B:B,재고차이!A:A,'창고2(실사표)'!G:G)++SUMIF('믹스(잔량실사표)'!B:B,재고차이!A:A,'믹스(잔량실사표)'!G:G) -> 0 | I91: =SUMIF('창고1(실사표)'!B:B,재고차이!A:A,'창고1(실사표)'!H:H)+SUMIF('창고2(실사표)'!B:B,재고차이!A:A,'창고2(실사표)'!H:H)++SUMIF('믹스(잔량실사표)'!B:B,재고차이!A:A,'믹스(잔량실사표)'!H:H) -> 0 | J91: =SUM(F91:I91) -> 0 | K91: =SUMIF(SAP!B:B,재고차이!B:B,SAP!Q:Q) -> 0 | L91: =SUMIF(주간상차!A:A,재고차이!A:A,주간상차!E:E) -> 0 | M91: =J91-K91-L91-N91+O91+Q91 -> 0 | Q91: =SUMIF(파손품!D:D,재고차이!B:B,파손품!I:I)+SUMIF(동파파손!D:D,재고차이!B:B,동파파손!I:I) -> 0 | R91: =M91/E91 -> 0
A92: 5571 | B92: =VLOOKUP(A:A,제품등록!A:B,2,0) -> GL5571 | C92: =VLOOKUP(B92,제품등록!B:C,2,0) -> 글라소 에너지 500PET 2X6 | E92: 96 | F92: =SUMIF('창고1(실사표)'!B:B,재고차이!A:A,'창고1(실사표)'!F:F)*D92+SUMIF('창고2(실사표)'!B:B,재고차이!A:A,'창고2(실사표)'!F:F)*D92+SUMIF('믹스(잔량실사표)'!B:B,재고차이!A:A,'믹스(잔량실사표)'!F:F)*D92 -> 0 | G92: =SUMIF('창고1(실사표)'!B:B,재고차이!A:A,'창고1(실사표)'!E:E)*E92+SUMIF('창고2(실사표)'!B:B,재고차이!A:A,'창고2(실사표)'!E:E)*E92+SUMIF('믹스(잔량실사표)'!B:B,재고차이!A:A,'믹스(잔량실사표)'!E:E)*E92 -> 0 | H92: =SUMIF('창고1(실사표)'!B:B,재고차이!A:A,'창고1(실사표)'!G:G)+SUMIF('창고2(실사표)'!B:B,재고차이!A:A,'창고2(실사표)'!G:G)++SUMIF('믹스(잔량실사표)'!B:B,재고차이!A:A,'믹스(잔량실사표)'!G:G) -> 0 | I92: =SUMIF('창고1(실사표)'!B:B,재고차이!A:A,'창고1(실사표)'!H:H)+SUMIF('창고2(실사표)'!B:B,재고차이!A:A,'창고2(실사표)'!H:H)++SUMIF('믹스(잔량실사표)'!B:B,재고차이!A:A,'믹스(잔량실사표)'!H:H) -> 0 | J92: =SUM(F92:I92) -> 0 | K92: =SUMIF(SAP!B:B,재고차이!B:B,SAP!Q:Q) -> 0 | L92: =SUMIF(주간상차!A:A,재고차이!A:A,주간상차!E:E) -> 0 | M92: =J92-K92-L92-N92+O92+Q92 -> 0 | Q92: =SUMIF(파손품!D:D,재고차이!B:B,파손품!I:I)+SUMIF(동파파손!D:D,재고차이!B:B,동파파손!I:I) -> 0 | R92: =M92/E92 -> 0
A93: 4042 | B93: =VLOOKUP(A:A,제품등록!A:B,2,0) -> MM4042 | C93: =VLOOKUP(B93,제품등록!B:C,2,0) -> 미닛 스파클링 청포도 칼로리 350CAN 4X6 | E93: 100 | F93: =SUMIF('창고1(실사표)'!B:B,재고차이!A:A,'창고1(실사표)'!F:F)*D93+SUMIF('창고2(실사표)'!B:B,재고차이!A:A,'창고2(실사표)'!F:F)*D93+SUMIF('믹스(잔량실사표)'!B:B,재고차이!A:A,'믹스(잔량실사표)'!F:F)*D93 -> 0 | G93: =SUMIF('창고1(실사표)'!B:B,재고차이!A:A,'창고1(실사표)'!E:E)*E93+SUMIF('창고2(실사표)'!B:B,재고차이!A:A,'창고2(실사표)'!E:E)*E93+SUMIF('믹스(잔량실사표)'!B:B,재고차이!A:A,'믹스(잔량실사표)'!E:E)*E93 -> 0 | H93: =SUMIF('창고1(실사표)'!B:B,재고차이!A:A,'창고1(실사표)'!G:G)+SUMIF('창고2(실사표)'!B:B,재고차이!A:A,'창고2(실사표)'!G:G)++SUMIF('믹스(잔량실사표)'!B:B,재고차이!A:A,'믹스(잔량실사표)'!G:G) -> 0 | I93: =SUMIF('창고1(실사표)'!B:B,재고차이!A:A,'창고1(실사표)'!H:H)+SUMIF('창고2(실사표)'!B:B,재고차이!A:A,'창고2(실사표)'!H:H)++SUMIF('믹스(잔량실사표)'!B:B,재고차이!A:A,'믹스(잔량실사표)'!H:H) -> 0 | J93: =SUM(F93:I93) -> 0 | K93: =SUMIF(SAP!B:B,재고차이!B:B,SAP!Q:Q) -> 0 | L93: =SUMIF(주간상차!A:A,재고차이!A:A,주간상차!E:E) -> 0 | M93: =J93-K93-L93-N93+O93+Q93 -> 0 | Q93: =SUMIF(파손품!D:D,재고차이!B:B,파손품!I:I)+SUMIF(동파파손!D:D,재고차이!B:B,동파파손!I:I) -> 0 | R93: =M93/E93 -> 0
A94: 4044 | B94: =VLOOKUP(A:A,제품등록!A:B,2,0) -> MM4044 | C94: =VLOOKUP(B94,제품등록!B:C,2,0) -> 미닛 스파클링 사과 칼로리 350CAN 4X6 | E94: 100 | F94: =SUMIF('창고1(실사표)'!B:B,재고차이!A:A,'창고1(실사표)'!F:F)*D94+SUMIF('창고2(실사표)'!B:B,재고차이!A:A,'창고2(실사표)'!F:F)*D94+SUMIF('믹스(잔량실사표)'!B:B,재고차이!A:A,'믹스(잔량실사표)'!F:F)*D94 -> 0 | G94: =SUMIF('창고1(실사표)'!B:B,재고차이!A:A,'창고1(실사표)'!E:E)*E94+SUMIF('창고2(실사표)'!B:B,재고차이!A:A,'창고2(실사표)'!E:E)*E94+SUMIF('믹스(잔량실사표)'!B:B,재고차이!A:A,'믹스(잔량실사표)'!E:E)*E94 -> 0 | H94: =SUMIF('창고1(실사표)'!B:B,재고차이!A:A,'창고1(실사표)'!G:G)+SUMIF('창고2(실사표)'!B:B,재고차이!A:A,'창고2(실사표)'!G:G)++SUMIF('믹스(잔량실사표)'!B:B,재고차이!A:A,'믹스(잔량실사표)'!G:G) -> 0 | I94: =SUMIF('창고1(실사표)'!B:B,재고차이!A:A,'창고1(실사표)'!H:H)+SUMIF('창고2(실사표)'!B:B,재고차이!A:A,'창고2(실사표)'!H:H)++SUMIF('믹스(잔량실사표)'!B:B,재고차이!A:A,'믹스(잔량실사표)'!H:H) -> 0 | J94: =SUM(F94:I94) -> 0 | K94: =SUMIF(SAP!B:B,재고차이!B:B,SAP!Q:Q) -> 0 | L94: =SUMIF(주간상차!A:A,재고차이!A:A,주간상차!E:E) -> 0 | M94: =J94-K94-L94-N94+O94+Q94 -> 0 | Q94: =SUMIF(파손품!D:D,재고차이!B:B,파손품!I:I)+SUMIF(동파파손!D:D,재고차이!B:B,동파파손!I:I) -> 0 | R94: =M94/E94 -> 0
A95: 8181 | B95: =VLOOKUP(A:A,제품등록!A:B,2,0) -> GG8181 | C95: =VLOOKUP(B95,제품등록!B:C,2,0) -> 조지아 오리지널 350PET 4X6 | E95: 91 | F95: =SUMIF('창고1(실사표)'!B:B,재고차이!A:A,'창고1(실사표)'!F:F)*D95+SUMIF('창고2(실사표)'!B:B,재고차이!A:A,'창고2(실사표)'!F:F)*D95+SUMIF('믹스(잔량실사표)'!B:B,재고차이!A:A,'믹스(잔량실사표)'!F:F)*D95 -> 0 | G95: =SUMIF('창고1(실사표)'!B:B,재고차이!A:A,'창고1(실사표)'!E:E)*E95+SUMIF('창고2(실사표)'!B:B,재고차이!A:A,'창고2(실사표)'!E:E)*E95+SUMIF('믹스(잔량실사표)'!B:B,재고차이!A:A,'믹스(잔량실사표)'!E:E)*E95 -> 0 | H95: =SUMIF('창고1(실사표)'!B:B,재고차이!A:A,'창고1(실사표)'!G:G)+SUMIF('창고2(실사표)'!B:B,재고차이!A:A,'창고2(실사표)'!G:G)++SUMIF('믹스(잔량실사표)'!B:B,재고차이!A:A,'믹스(잔량실사표)'!G:G) -> 0 | I95: =SUMIF('창고1(실사표)'!B:B,재고차이!A:A,'창고1(실사표)'!H:H)+SUMIF('창고2(실사표)'!B:B,재고차이!A:A,'창고2(실사표)'!H:H)++SUMIF('믹스(잔량실사표)'!B:B,재고차이!A:A,'믹스(잔량실사표)'!H:H) -> 0 | J95: =SUM(F95:I95) -> 0 | K95: =SUMIF(SAP!B:B,재고차이!B:B,SAP!Q:Q) -> 0 | L95: =SUMIF(주간상차!A:A,재고차이!A:A,주간상차!E:E) -> 0 | M95: =J95-K95-L95-N95+O95+Q95 -> 0 | Q95: =SUMIF(파손품!D:D,재고차이!B:B,파손품!I:I)+SUMIF(동파파손!D:D,재고차이!B:B,동파파손!I:I) -> 0 | R95: =M95/E95 -> 0
A96: 8224 | B96: =VLOOKUP(A:A,제품등록!A:B,2,0) -> GG8224 | C96: =VLOOKUP(B96,제품등록!B:C,2,0) -> 조지아 아이스블랙 230PU 5X10 | E96: 40 | F96: =SUMIF('창고1(실사표)'!B:B,재고차이!A:A,'창고1(실사표)'!F:F)*D96+SUMIF('창고2(실사표)'!B:B,재고차이!A:A,'창고2(실사표)'!F:F)*D96+SUMIF('믹스(잔량실사표)'!B:B,재고차이!A:A,'믹스(잔량실사표)'!F:F)*D96 -> 0 | G96: =SUMIF('창고1(실사표)'!B:B,재고차이!A:A,'창고1(실사표)'!E:E)*E96+SUMIF('창고2(실사표)'!B:B,재고차이!A:A,'창고2(실사표)'!E:E)*E96+SUMIF('믹스(잔량실사표)'!B:B,재고차이!A:A,'믹스(잔량실사표)'!E:E)*E96 -> 0 | H96: =SUMIF('창고1(실사표)'!B:B,재고차이!A:A,'창고1(실사표)'!G:G)+SUMIF('창고2(실사표)'!B:B,재고차이!A:A,'창고2(실사표)'!G:G)++SUMIF('믹스(잔량실사표)'!B:B,재고차이!A:A,'믹스(잔량실사표)'!G:G) -> 0 | I96: =SUMIF('창고1(실사표)'!B:B,재고차이!A:A,'창고1(실사표)'!H:H)+SUMIF('창고2(실사표)'!B:B,재고차이!A:A,'창고2(실사표)'!H:H)++SUMIF('믹스(잔량실사표)'!B:B,재고차이!A:A,'믹스(잔량실사표)'!H:H) -> 0 | J96: =SUM(F96:I96) -> 0 | K96: =SUMIF(SAP!B:B,재고차이!B:B,SAP!Q:Q) -> 0 | L96: =SUMIF(주간상차!A:A,재고차이!A:A,주간상차!E:E) -> 0 | M96: =J96-K96-L96-N96+O96+Q96 -> 0 | Q96: =SUMIF(파손품!D:D,재고차이!B:B,파손품!I:I)+SUMIF(동파파손!D:D,재고차이!B:B,동파파손!I:I) -> 0 | R96: =M96/E96 -> 0
A97: 6349 | B97: =VLOOKUP(A:A,제품등록!A:B,2,0) -> FT6349 | C97: =VLOOKUP(B97,제품등록!B:C,2,0) -> 환타오렌지(S) 1.5P 2X6 | D97: 32 | E97: 33 | F97: =SUMIF('창고1(실사표)'!B:B,재고차이!A:A,'창고1(실사표)'!F:F)*D97+SUMIF('창고2(실사표)'!B:B,재고차이!A:A,'창고2(실사표)'!F:F)*D97+SUMIF('믹스(잔량실사표)'!B:B,재고차이!A:A,'믹스(잔량실사표)'!F:F)*D97 -> 0 | G97: =SUMIF('창고1(실사표)'!B:B,재고차이!A:A,'창고1(실사표)'!E:E)*E97+SUMIF('창고2(실사표)'!B:B,재고차이!A:A,'창고2(실사표)'!E:E)*E97+SUMIF('믹스(잔량실사표)'!B:B,재고차이!A:A,'믹스(잔량실사표)'!E:E)*E97 -> 561 | H97: =SUMIF('창고1(실사표)'!B:B,재고차이!A:A,'창고1(실사표)'!G:G)+SUMIF('창고2(실사표)'!B:B,재고차이!A:A,'창고2(실사표)'!G:G)++SUMIF('믹스(잔량실사표)'!B:B,재고차이!A:A,'믹스(잔량실사표)'!G:G) -> 5 | I97: =SUMIF('창고1(실사표)'!B:B,재고차이!A:A,'창고1(실사표)'!H:H)+SUMIF('창고2(실사표)'!B:B,재고차이!A:A,'창고2(실사표)'!H:H)++SUMIF('믹스(잔량실사표)'!B:B,재고차이!A:A,'믹스(잔량실사표)'!H:H) -> 0 | J97: =SUM(F97:I97) -> 566 | K97: =SUMIF(SAP!B:B,재고차이!B:B,SAP!Q:Q) -> 71 | L97: =SUMIF(주간상차!A:A,재고차이!A:A,주간상차!E:E) -> 495 | M97: =J97-K97-L97-N97+O97+Q97 -> 0 | Q97: =SUMIF(파손품!D:D,재고차이!B:B,파손품!I:I)+SUMIF(동파파손!D:D,재고차이!B:B,동파파손!I:I) -> 0 | R97: =M97/E97 -> 0
A98: 6510 | B98: =VLOOKUP(A:A,제품등록!A:B,2,0) -> MM6510 | C98: =VLOOKUP(B98,제품등록!B:C,2,0) -> S)MM오리지널GR100 1.5P 2X6 | D98: 32 | E98: 44 | F98: =SUMIF('창고1(실사표)'!B:B,재고차이!A:A,'창고1(실사표)'!F:F)*D98+SUMIF('창고2(실사표)'!B:B,재고차이!A:A,'창고2(실사표)'!F:F)*D98+SUMIF('믹스(잔량실사표)'!B:B,재고차이!A:A,'믹스(잔량실사표)'!F:F)*D98 -> 0 | G98: =SUMIF('창고1(실사표)'!B:B,재고차이!A:A,'창고1(실사표)'!E:E)*E98+SUMIF('창고2(실사표)'!B:B,재고차이!A:A,'창고2(실사표)'!E:E)*E98+SUMIF('믹스(잔량실사표)'!B:B,재고차이!A:A,'믹스(잔량실사표)'!E:E)*E98 -> 0 | H98: =SUMIF('창고1(실사표)'!B:B,재고차이!A:A,'창고1(실사표)'!G:G)+SUMIF('창고2(실사표)'!B:B,재고차이!A:A,'창고2(실사표)'!G:G)++SUMIF('믹스(잔량실사표)'!B:B,재고차이!A:A,'믹스(잔량실사표)'!G:G) -> 0 | I98: =SUMIF('창고1(실사표)'!B:B,재고차이!A:A,'창고1(실사표)'!H:H)+SUMIF('창고2(실사표)'!B:B,재고차이!A:A,'창고2(실사표)'!H:H)++SUMIF('믹스(잔량실사표)'!B:B,재고차이!A:A,'믹스(잔량실사표)'!H:H) -> 0 | J98: =SUM(F98:I98) -> 0 | K98: =SUMIF(SAP!B:B,재고차이!B:B,SAP!Q:Q) -> 0 | L98: =SUMIF(주간상차!A:A,재고차이!A:A,주간상차!E:E) -> 0 | M98: =J98-K98-L98-N98+O98+Q98 -> 0 | Q98: =SUMIF(파손품!D:D,재고차이!B:B,파손품!I:I)+SUMIF(동파파손!D:D,재고차이!B:B,동파파손!I:I) -> 0 | R98: =M98/E98 -> 0
A99: 4872 | B99: =VLOOKUP(A:A,제품등록!A:B,2,0) -> GG4872 | C99: =VLOOKUP(B99,제품등록!B:C,2,0) -> 조지아오리지널240C 5X6 | D99: 99 | E99: 132 | F99: =SUMIF('창고1(실사표)'!B:B,재고차이!A:A,'창고1(실사표)'!F:F)*D99+SUMIF('창고2(실사표)'!B:B,재고차이!A:A,'창고2(실사표)'!F:F)*D99+SUMIF('믹스(잔량실사표)'!B:B,재고차이!A:A,'믹스(잔량실사표)'!F:F)*D99 -> 0 | G99: =SUMIF('창고1(실사표)'!B:B,재고차이!A:A,'창고1(실사표)'!E:E)*E99+SUMIF('창고2(실사표)'!B:B,재고차이!A:A,'창고2(실사표)'!E:E)*E99+SUMIF('믹스(잔량실사표)'!B:B,재고차이!A:A,'믹스(잔량실사표)'!E:E)*E99 -> 0 | H99: =SUMIF('창고1(실사표)'!B:B,재고차이!A:A,'창고1(실사표)'!G:G)+SUMIF('창고2(실사표)'!B:B,재고차이!A:A,'창고2(실사표)'!G:G)++SUMIF('믹스(잔량실사표)'!B:B,재고차이!A:A,'믹스(잔량실사표)'!G:G) -> 72 | I99: =SUMIF('창고1(실사표)'!B:B,재고차이!A:A,'창고1(실사표)'!H:H)+SUMIF('창고2(실사표)'!B:B,재고차이!A:A,'창고2(실사표)'!H:H)++SUMIF('믹스(잔량실사표)'!B:B,재고차이!A:A,'믹스(잔량실사표)'!H:H) -> 0 | J99: =SUM(F99:I99) -> 72 | K99: =SUMIF(SAP!B:B,재고차이!B:B,SAP!Q:Q) -> 72 | L99: =SUMIF(주간상차!A:A,재고차이!A:A,주간상차!E:E) -> 0 | M99: =J99-K99-L99-N99+O99+Q99 -> 0 | Q99: =SUMIF(파손품!D:D,재고차이!B:B,파손품!I:I)+SUMIF(동파파손!D:D,재고차이!B:B,동파파손!I:I) -> 0 | R99: =M99/E99 -> 0
A100: 6706 | B100: =VLOOKUP(A:A,제품등록!A:B,2,0) -> MM6706 | C100: =VLOOKUP(B100,제품등록!B:C,2,0) -> S)미닛 포도 350PET 4X6 | D100: 64 | E100: 60 | F100: =SUMIF('창고1(실사표)'!B:B,재고차이!A:A,'창고1(실사표)'!F:F)*D100+SUMIF('창고2(실사표)'!B:B,재고차이!A:A,'창고2(실사표)'!F:F)*D100+SUMIF('믹스(잔량실사표)'!B:B,재고차이!A:A,'믹스(잔량실사표)'!F:F)*D100 -> 0 | G100: =SUMIF('창고1(실사표)'!B:B,재고차이!A:A,'창고1(실사표)'!E:E)*E100+SUMIF('창고2(실사표)'!B:B,재고차이!A:A,'창고2(실사표)'!E:E)*E100+SUMIF('믹스(잔량실사표)'!B:B,재고차이!A:A,'믹스(잔량실사표)'!E:E)*E100 -> 0 | H100: =SUMIF('창고1(실사표)'!B:B,재고차이!A:A,'창고1(실사표)'!G:G)+SUMIF('창고2(실사표)'!B:B,재고차이!A:A,'창고2(실사표)'!G:G)++SUMIF('믹스(잔량실사표)'!B:B,재고차이!A:A,'믹스(잔량실사표)'!G:G) -> 0 | I100: =SUMIF('창고1(실사표)'!B:B,재고차이!A:A,'창고1(실사표)'!H:H)+SUMIF('창고2(실사표)'!B:B,재고차이!A:A,'창고2(실사표)'!H:H)++SUMIF('믹스(잔량실사표)'!B:B,재고차이!A:A,'믹스(잔량실사표)'!H:H) -> 0 | J100: =SUM(F100:I100) -> 0 | K100: =SUMIF(SAP!B:B,재고차이!B:B,SAP!Q:Q) -> 0 | L100: =SUMIF(주간상차!A:A,재고차이!A:A,주간상차!E:E) -> 0 | M100: =J100-K100-L100-N100+O100+Q100 -> 0 | Q100: =SUMIF(파손품!D:D,재고차이!B:B,파손품!I:I)+SUMIF(동파파손!D:D,재고차이!B:B,동파파손!I:I) -> 0 | R100: =M100/E100 -> 0
A101: 4879 | B101: =VLOOKUP(A:A,제품등록!A:B,2,0) -> GG4879 | C101: =VLOOKUP(B101,제품등록!B:C,2,0) -> 조지아카페라테240C 5X6 | D101: 99 | E101: 132 | F101: =SUMIF('창고1(실사표)'!B:B,재고차이!A:A,'창고1(실사표)'!F:F)*D101+SUMIF('창고2(실사표)'!B:B,재고차이!A:A,'창고2(실사표)'!F:F)*D101+SUMIF('믹스(잔량실사표)'!B:B,재고차이!A:A,'믹스(잔량실사표)'!F:F)*D101 -> 0 | G101: =SUMIF('창고1(실사표)'!B:B,재고차이!A:A,'창고1(실사표)'!E:E)*E101+SUMIF('창고2(실사표)'!B:B,재고차이!A:A,'창고2(실사표)'!E:E)*E101+SUMIF('믹스(잔량실사표)'!B:B,재고차이!A:A,'믹스(잔량실사표)'!E:E)*E101 -> 1056 | H101: =SUMIF('창고1(실사표)'!B:B,재고차이!A:A,'창고1(실사표)'!G:G)+SUMIF('창고2(실사표)'!B:B,재고차이!A:A,'창고2(실사표)'!G:G)++SUMIF('믹스(잔량실사표)'!B:B,재고차이!A:A,'믹스(잔량실사표)'!G:G) -> 43 | I101: =SUMIF('창고1(실사표)'!B:B,재고차이!A:A,'창고1(실사표)'!H:H)+SUMIF('창고2(실사표)'!B:B,재고차이!A:A,'창고2(실사표)'!H:H)++SUMIF('믹스(잔량실사표)'!B:B,재고차이!A:A,'믹스(잔량실사표)'!H:H) -> 0 | J101: =SUM(F101:I101) -> 1099 | K101: =SUMIF(SAP!B:B,재고차이!B:B,SAP!Q:Q) -> 1099 | L101: =SUMIF(주간상차!A:A,재고차이!A:A,주간상차!E:E) -> 0 | M101: =J101-K101-L101-N101+O101+Q101 -> 0 | Q101: =SUMIF(파손품!D:D,재고차이!B:B,파손품!I:I)+SUMIF(동파파손!D:D,재고차이!B:B,동파파손!I:I) -> 0 | R101: =M101/E101 -> 0
A102: 4142 | B102: =VLOOKUP(A:A,제품등록!A:B,2,0) -> MM4142 | C102: =VLOOKUP(B102,제품등록!B:C,2,0) -> 미닛 스파클링 복숭아 345CAN 4X6 | E102: 99 | F102: =SUMIF('창고1(실사표)'!B:B,재고차이!A:A,'창고1(실사표)'!F:F)*D102+SUMIF('창고2(실사표)'!B:B,재고차이!A:A,'창고2(실사표)'!F:F)*D102+SUMIF('믹스(잔량실사표)'!B:B,재고차이!A:A,'믹스(잔량실사표)'!F:F)*D102 -> 0 | G102: =SUMIF('창고1(실사표)'!B:B,재고차이!A:A,'창고1(실사표)'!E:E)*E102+SUMIF('창고2(실사표)'!B:B,재고차이!A:A,'창고2(실사표)'!E:E)*E102+SUMIF('믹스(잔량실사표)'!B:B,재고차이!A:A,'믹스(잔량실사표)'!E:E)*E102 -> 0 | H102: =SUMIF('창고1(실사표)'!B:B,재고차이!A:A,'창고1(실사표)'!G:G)+SUMIF('창고2(실사표)'!B:B,재고차이!A:A,'창고2(실사표)'!G:G)++SUMIF('믹스(잔량실사표)'!B:B,재고차이!A:A,'믹스(잔량실사표)'!G:G) -> 0 | I102: =SUMIF('창고1(실사표)'!B:B,재고차이!A:A,'창고1(실사표)'!H:H)+SUMIF('창고2(실사표)'!B:B,재고차이!A:A,'창고2(실사표)'!H:H)++SUMIF('믹스(잔량실사표)'!B:B,재고차이!A:A,'믹스(잔량실사표)'!H:H) -> 0 | J102: =SUM(F102:I102) -> 0 | K102: =SUMIF(SAP!B:B,재고차이!B:B,SAP!Q:Q) -> 0 | L102: =SUMIF(주간상차!A:A,재고차이!A:A,주간상차!E:E) -> 0 | M102: =J102-K102-L102-N102+O102+Q102 -> 0 | Q102: =SUMIF(파손품!D:D,재고차이!B:B,파손품!I:I)+SUMIF(동파파손!D:D,재고차이!B:B,동파파손!I:I) -> 0 | R102: =M102/E102 -> 0
...

Sheet 창고1(실사표)
H1: 조사일 | I1: =TODAY() -> 46008 | N1: =100%-N2 -> 0.25
B2: 제품코드 | C2: SAP코드 | D2: Brand Name | E2: 아주 | F2: 940P | G2: 잔량 | H2: 보류재고 | I2: 소비기한 | J2: 홀딩테그 | K2: 75% 사용가능 | L2: 소비기한 | M2: 생산일자 | N2: 0.75 | O2: 사용가능 | P2: 사용가능일수 75%
A3: =ROW()-2 -> 1 | B3: 7949 | C3: =VLOOKUP(B:B,재고차이!A:B,2,0) -> MM7949 | D3: =VLOOKUP(C:C,재고차이!B:C,2,0) -> 미닛 오+포+알 180NRB 3X12 | I3: 46089 | K3: =+P3 -> -123.75 | L3: =IF(I3="","",SUMIF(제품등록!B:B,'창고1(실사표)'!C:C,제품등록!F:F)) -> 273 | M3: =IF(I3=0,"",I3-L3) -> 45816 | N3: =IF(L3="","",L3*상미75) -> 68.25 | O3: =IF(M3="","",M3+N3) -> 45884.25 | P3: =IF(O3="","",O3-$I$1) -> -123.75
A4: =ROW()-2 -> 2 | B4: 6509 | C4: =VLOOKUP(B:B,재고차이!A:B,2,0) -> MM6509 | D4: =VLOOKUP(C:C,재고차이!B:C,2,0) -> S)MM오리지널0R100 1.5P 2X6 | E4: 13 | I4: 46110 | K4: =+P4 -> -102.75 | L4: =IF(I4="","",SUMIF(제품등록!B:B,'창고1(실사표)'!C:C,제품등록!F:F)) -> 273 | M4: =IF(I4=0,"",I4-L4) -> 45837 | N4: =IF(L4="","",L4*상미75) -> 68.25 | O4: =IF(M4="","",M4+N4) -> 45905.25 | P4: =IF(O4="","",O4-$I$1) -> -102.75
A5: =ROW()-2 -> 3 | B5: 6705 | C5: =VLOOKUP(B:B,재고차이!A:B,2,0) -> MM6705 | D5: =VLOOKUP(C:C,재고차이!B:C,2,0) -> S)MM오리지널OR100 350P 4X6 | E5: 4 | I5: 46075 | K5: =+P5 -> -137.75 | L5: =IF(I5="","",SUMIF(제품등록!B:B,'창고1(실사표)'!C:C,제품등록!F:F)) -> 273 | M5: =IF(I5=0,"",I5-L5) -> 45802 | N5: =IF(L5="","",L5*상미75) -> 68.25 | O5: =IF(M5="","",M5+N5) -> 45870.25 | P5: =IF(O5="","",O5-$I$1) -> -137.75
A6: =ROW()-2 -> 4 | B6: 8541 | C6: =VLOOKUP(B:B,재고차이!A:B,2,0) -> PA8541 | D6: =VLOOKUP(C:C,재고차이!B:C,2,0) -> 파워마운틴소분1.5P 2X6 | E6: =32+5 -> 37 | I6: 46191 | K6: =+P6 -> -90.75 | L6: =IF(I6="","",SUMIF(제품등록!B:B,'창고1(실사표)'!C:C,제품등록!F:F)) -> 365 | M6: =IF(I6=0,"",I6-L6) -> 45826 | N6: =IF(L6="","",L6*상미75) -> 91.25 | O6: =IF(M6="","",M6+N6) -> 45917.25 | P6: =IF(O6="","",O6-$I$1) -> -90.75
A7: =ROW()-2 -> 5 | B7: 6871 | C7: =VLOOKUP(B:B,재고차이!A:B,2,0) -> PA6871 | D7: =VLOOKUP(C:C,재고차이!B:C,2,0) -> S)파워 마운틴블라 600PET 4X6 | E7: =38+14 -> 52 | I7: 46197 | K7: =+P7 -> -84.75 | L7: =IF(I7="","",SUMIF(제품등록!B:B,'창고1(실사표)'!C:C,제품등록!F:F)) -> 365 | M7: =IF(I7=0,"",I7-L7) -> 45832 | N7: =IF(L7="","",L7*상미75) -> 91.25 | O7: =IF(M7="","",M7+N7) -> 45923.25 | P7: =IF(O7="","",O7-$I$1) -> -84.75
A8: =ROW()-2 -> 6 | B8: 6277 | C8: =VLOOKUP(B:B,재고차이!A:B,2,0) -> PA6277 | D8: =VLOOKUP(C:C,재고차이!B:C,2,0) -> 파워 퍼플스톰 600PET 4X6 | E8: =15+17 -> 32 | I8: 46192 | K8: =+P8 -> -89.75 | L8: =IF(I8="","",SUMIF(제품등록!B:B,'창고1(실사표)'!C:C,제품등록!F:F)) -> 365 | M8: =IF(I8=0,"",I8-L8) -> 45827 | N8: =IF(L8="","",L8*상미75) -> 91.25 | O8: =IF(M8="","",M8+N8) -> 45918.25 | P8: =IF(O8="","",O8-$I$1) -> -89.75
A9: =ROW()-2 -> 7 | B9: PA0002 | C9: =VLOOKUP(B:B,재고차이!A:B,2,0) -> PA0002 | D9: =VLOOKUP(C:C,재고차이!B:C,2,0) -> 파워 제로 마운틴블라 600PET 4X6 | E9: 3 | I9: 46179 | K9: =+P9 -> -102.75 | L9: =IF(I9="","",SUMIF(제품등록!B:B,'창고1(실사표)'!C:C,제품등록!F:F)) -> 365 | M9: =IF(I9=0,"",I9-L9) -> 45814 | N9: =IF(L9="","",L9*상미75) -> 91.25 | O9: =IF(M9="","",M9+N9) -> 45905.25 | P9: =IF(O9="","",O9-$I$1) -> -102.75
A10: =ROW()-2 -> 8 | B10: PA0002 | C10: =VLOOKUP(B:B,재고차이!A:B,2,0) -> PA0002 | D10: =VLOOKUP(C:C,재고차이!B:C,2,0) -> 파워 제로 마운틴블라 600PET 4X6 | E10: 28 | I10: 46180 | K10: =+P10 -> -101.75 | L10: =IF(I10="","",SUMIF(제품등록!B:B,'창고1(실사표)'!C:C,제품등록!F:F)) -> 365 | M10: =IF(I10=0,"",I10-L10) -> 45815 | N10: =IF(L10="","",L10*상미75) -> 91.25 | O10: =IF(M10="","",M10+N10) -> 45906.25 | P10: =IF(O10="","",O10-$I$1) -> -101.75
A11: =ROW()-2 -> 9 | B11: 6285 | C11: =VLOOKUP(B:B,재고차이!A:B,2,0) -> PA6285 | D11: =VLOOKUP(C:C,재고차이!B:C,2,0) -> S)파워 스칼렛스톰 600PET 4X6 | E11: 1 | I11: 46183 | K11: =+P11 -> -98.75 | L11: =IF(I11="","",SUMIF(제품등록!B:B,'창고1(실사표)'!C:C,제품등록!F:F)) -> 365 | M11: =IF(I11=0,"",I11-L11) -> 45818 | N11: =IF(L11="","",L11*상미75) -> 91.25 | O11: =IF(M11="","",M11+N11) -> 45909.25 | P11: =IF(O11="","",O11-$I$1) -> -98.75
A12: =ROW()-2 -> 10 | B12: 6285 | C12: =VLOOKUP(B:B,재고차이!A:B,2,0) -> PA6285 | D12: =VLOOKUP(C:C,재고차이!B:C,2,0) -> S)파워 스칼렛스톰 600PET 4X6 | E12: 3 | I12: 46184 | K12: =+P12 -> -97.75 | L12: =IF(I12="","",SUMIF(제품등록!B:B,'창고1(실사표)'!C:C,제품등록!F:F)) -> 365 | M12: =IF(I12=0,"",I12-L12) -> 45819 | N12: =IF(L12="","",L12*상미75) -> 91.25 | O12: =IF(M12="","",M12+N12) -> 45910.25 | P12: =IF(O12="","",O12-$I$1) -> -97.75
A13: =ROW()-2 -> 11 | B13: 6285 | C13: =VLOOKUP(B:B,재고차이!A:B,2,0) -> PA6285 | D13: =VLOOKUP(C:C,재고차이!B:C,2,0) -> S)파워 스칼렛스톰 600PET 4X6 | E13: =12+20 -> 32 | I13: 46190 | K13: =+P13 -> -91.75 | L13: =IF(I13="","",SUMIF(제품등록!B:B,'창고1(실사표)'!C:C,제품등록!F:F)) -> 365 | M13: =IF(I13=0,"",I13-L13) -> 45825 | N13: =IF(L13="","",L13*상미75) -> 91.25 | O13: =IF(M13="","",M13+N13) -> 45916.25 | P13: =IF(O13="","",O13-$I$1) -> -91.75
A14: =ROW()-2 -> 12 | B14: 1007 | C14: =VLOOKUP(B:B,재고차이!A:B,2,0) -> PA1007 | D14: =VLOOKUP(C:C,재고차이!B:C,2,0) -> S)파워 제로 라임향 600PET 4X6 | E14: =23+42+46 -> 111 | I14: 46196 | K14: =+P14 -> -85.75 | L14: =IF(I14="","",SUMIF(제품등록!B:B,'창고1(실사표)'!C:C,제품등록!F:F)) -> 365 | M14: =IF(I14=0,"",I14-L14) -> 45831 | N14: =IF(L14="","",L14*상미75) -> 91.25 | O14: =IF(M14="","",M14+N14) -> 45922.25 | P14: =IF(O14="","",O14-$I$1) -> -85.75
A15: =ROW()-2 -> 13 | B15: 8561 | C15: =VLOOKUP(B:B,재고차이!A:B,2,0) -> TR8561 | D15: =VLOOKUP(C:C,재고차이!B:C,2,0) -> 토레타 500ml (소분) | E15: =6+18 -> 24 | I15: 46163 | K15: =+P15 -> -118.75 | L15: =IF(I15="","",SUMIF(제품등록!B:B,'창고1(실사표)'!C:C,제품등록!F:F)) -> 365 | M15: =IF(I15=0,"",I15-L15) -> 45798 | N15: =IF(L15="","",L15*상미75) -> 91.25 | O15: =IF(M15="","",M15+N15) -> 45889.25 | P15: =IF(O15="","",O15-$I$1) -> -118.75
A16: =ROW()-2 -> 14 | B16: 8561 | C16: =VLOOKUP(B:B,재고차이!A:B,2,0) -> TR8561 | D16: =VLOOKUP(C:C,재고차이!B:C,2,0) -> 토레타 500ml (소분) | E16: 28 | I16: 46164 | K16: =+P16 -> -117.75 | L16: =IF(I16="","",SUMIF(제품등록!B:B,'창고1(실사표)'!C:C,제품등록!F:F)) -> 365 | M16: =IF(I16=0,"",I16-L16) -> 45799 | N16: =IF(L16="","",L16*상미75) -> 91.25 | O16: =IF(M16="","",M16+N16) -> 45890.25 | P16: =IF(O16="","",O16-$I$1) -> -117.75
A17: =ROW()-2 -> 15 | B17: 8590 | C17: =VLOOKUP(B:B,재고차이!A:B,2,0) -> TR8590 | D17: =VLOOKUP(C:C,재고차이!B:C,2,0) -> 토레타 제로500PET 4x6 | E17: =12+18+34 -> 64 | I17: 46211 | K17: =+P17 -> -70.75 | L17: =IF(I17="","",SUMIF(제품등록!B:B,'창고1(실사표)'!C:C,제품등록!F:F)) -> 365 | M17: =IF(I17=0,"",I17-L17) -> 45846 | N17: =IF(L17="","",L17*상미75) -> 91.25 | O17: =IF(M17="","",M17+N17) -> 45937.25 | P17: =IF(O17="","",O17-$I$1) -> -70.75
A18: =ROW()-2 -> 16 | B18: IH0001 | C18: =VLOOKUP(B:B,재고차이!A:B,2,0) -> IH0001 | D18: =VLOOKUP(C:C,재고차이!B:C,2,0) -> S)일로하스 피치 540PET 4X6 | E18: =4+15 -> 19 | I18: 46156 | K18: =+P18 -> -125.75 | L18: =IF(I18="","",SUMIF(제품등록!B:B,'창고1(실사표)'!C:C,제품등록!F:F)) -> 365 | M18: =IF(I18=0,"",I18-L18) -> 45791 | N18: =IF(L18="","",L18*상미75) -> 91.25 | O18: =IF(M18="","",M18+N18) -> 45882.25 | P18: =IF(O18="","",O18-$I$1) -> -125.75
A19: =ROW()-2 -> 17 | B19: 1000 | C19: =VLOOKUP(B:B,재고차이!A:B,2,0) -> MM1000 | D19: =VLOOKUP(C:C,재고차이!B:C,2,0) -> 미닛 허니&유자 280PET 4X6 | E19: 3 | I19: 46150 | K19: =+P19 -> -131.75 | L19: =IF(I19="","",SUMIF(제품등록!B:B,'창고1(실사표)'!C:C,제품등록!F:F)) -> 365 | M19: =IF(I19=0,"",I19-L19) -> 45785 | N19: =IF(L19="","",L19*상미75) -> 91.25 | O19: =IF(M19="","",M19+N19) -> 45876.25 | P19: =IF(O19="","",O19-$I$1) -> -131.75
A20: =ROW()-2 -> 18 | B20: 1001 | C20: =VLOOKUP(B:B,재고차이!A:B,2,0) -> MM1001 | D20: =VLOOKUP(C:C,재고차이!B:C,2,0) -> 미닛 모과&생강 280PET 4X6 | E20: 2 | I20: 46242 | K20: =+P20 -> -108.75 | L20: =IF(I20="","",SUMIF(제품등록!B:B,'창고1(실사표)'!C:C,제품등록!F:F)) -> 457 | M20: =IF(I20=0,"",I20-L20) -> 45785 | N20: =IF(L20="","",L20*상미75) -> 114.25 | O20: =IF(M20="","",M20+N20) -> 45899.25 | P20: =IF(O20="","",O20-$I$1) -> -108.75
A21: =ROW()-2 -> 19 | B21: 1002 | C21: =VLOOKUP(B:B,재고차이!A:B,2,0) -> MM1002 | D21: =VLOOKUP(C:C,재고차이!B:C,2,0) -> 미닛 레몬에이드 350PET 4X6 | E21: 9 | I21: 46089 | K21: =+P21 -> -121.5 | L21: =IF(I21="","",SUMIF(제품등록!B:B,'창고1(실사표)'!C:C,제품등록!F:F)) -> 270 | M21: =IF(I21=0,"",I21-L21) -> 45819 | N21: =IF(L21="","",L21*상미75) -> 67.5 | O21: =IF(M21="","",M21+N21) -> 45886.5 | P21: =IF(O21="","",O21-$I$1) -> -121.5
A22: =ROW()-2 -> 20 | B22: 1002 | C22: =VLOOKUP(B:B,재고차이!A:B,2,0) -> MM1002 | D22: =VLOOKUP(C:C,재고차이!B:C,2,0) -> 미닛 레몬에이드 350PET 4X6 | E22: 3 | I22: 46090 | K22: =+P22 -> -120.5 | L22: =IF(I22="","",SUMIF(제품등록!B:B,'창고1(실사표)'!C:C,제품등록!F:F)) -> 270 | M22: =IF(I22=0,"",I22-L22) -> 45820 | N22: =IF(L22="","",L22*상미75) -> 67.5 | O22: =IF(M22="","",M22+N22) -> 45887.5 | P22: =IF(O22="","",O22-$I$1) -> -120.5
A23: =ROW()-2 -> 21 | B23: 8065 | C23: =VLOOKUP(B:B,재고차이!A:B,2,0) -> GG8065 | D23: =VLOOKUP(C:C,재고차이!B:C,2,0) -> 조지아 크래프트 블랙 470PET 4X6 | E23: =14+10 -> 24 | I23: 46191 | K23: =+P23 -> -90.75 | L23: =IF(I23="","",SUMIF(제품등록!B:B,'창고1(실사표)'!C:C,제품등록!F:F)) -> 365 | M23: =IF(I23=0,"",I23-L23) -> 45826 | N23: =IF(L23="","",L23*상미75) -> 91.25 | O23: =IF(M23="","",M23+N23) -> 45917.25 | P23: =IF(O23="","",O23-$I$1) -> -90.75
A24: =ROW()-2 -> 22 | B24: 8066 | C24: =VLOOKUP(B:B,재고차이!A:B,2,0) -> GG8066 | D24: =VLOOKUP(C:C,재고차이!B:C,2,0) -> 조지아 크래프트 라떼 470PET 4X6 | E24: 24 | I24: 46144 | K24: =+P24 -> -92 | L24: =IF(I24="","",SUMIF(제품등록!B:B,'창고1(실사표)'!C:C,제품등록!F:F)) -> 304 | M24: =IF(I24=0,"",I24-L24) -> 45840 | N24: =IF(L24="","",L24*상미75) -> 76 | O24: =IF(M24="","",M24+N24) -> 45916 | P24: =IF(O24="","",O24-$I$1) -> -92
A25: =ROW()-2 -> 23 | B25: 8058 | C25: =VLOOKUP(B:B,재고차이!A:B,2,0) -> GG8058 | D25: =VLOOKUP(C:C,재고차이!B:C,2,0) -> 조지아 크래프트 스윗블랙 470PET 4X6 | E25: =1+8 -> 9 | I25: 46190 | K25: =+P25 -> -91.75 | L25: =IF(I25="","",SUMIF(제품등록!B:B,'창고1(실사표)'!C:C,제품등록!F:F)) -> 365 | M25: =IF(I25=0,"",I25-L25) -> 45825 | N25: =IF(L25="","",L25*상미75) -> 91.25 | O25: =IF(M25="","",M25+N25) -> 45916.25 | P25: =IF(O25="","",O25-$I$1) -> -91.75
A26: =ROW()-2 -> 24 | B26: 8278 | C26: =VLOOKUP(B:B,재고차이!A:B,2,0) -> GG8278 | D26: =VLOOKUP(C:C,재고차이!B:C,2,0) -> 조지아 크래프트 저칼로리라떼 470PET 4X6 | E26: 14 | I26: 46110 | K26: =+P26 -> -126 | L26: =IF(I26="","",SUMIF(제품등록!B:B,'창고1(실사표)'!C:C,제품등록!F:F)) -> 304 | M26: =IF(I26=0,"",I26-L26) -> 45806 | N26: =IF(L26="","",L26*상미75) -> 76 | O26: =IF(M26="","",M26+N26) -> 45882 | P26: =IF(O26="","",O26-$I$1) -> -126
A27: =ROW()-2 -> 25 | B27: 5651 | C27: =VLOOKUP(B:B,재고차이!A:B,2,0) -> PC5651 | D27: =VLOOKUP(C:C,재고차이!B:C,2,0) -> 강원평창수(올림픽) 500PET X20 | E27: 12 | I27: 46164 | K27: =+P27 -> -117.75 | L27: =IF(I27="","",SUMIF(제품등록!B:B,'창고1(실사표)'!C:C,제품등록!F:F)) -> 365 | M27: =IF(I27=0,"",I27-L27) -> 45799 | N27: =IF(L27="","",L27*상미75) -> 91.25 | O27: =IF(M27="","",M27+N27) -> 45890.25 | P27: =IF(O27="","",O27-$I$1) -> -117.75
A28: =ROW()-2 -> 26 | B28: 5640 | C28: =VLOOKUP(B:B,재고차이!A:B,2,0) -> PC5640 | D28: =VLOOKUP(C:C,재고차이!B:C,2,0) -> 강원평창수 2.0PET X6 | K28: =+P28 | L28: =IF(I28="","",SUMIF(제품등록!B:B,'창고1(실사표)'!C:C,제품등록!F:F)) | M28: =IF(I28=0,"",I28-L28) | N28: =IF(L28="","",L28*상미75) | O28: =IF(M28="","",M28+N28) | P28: =IF(O28="","",O28-$I$1)
A29: =ROW()-2 -> 27 | B29: 4969 | C29: =VLOOKUP(B:B,재고차이!A:B,2,0) -> KC4969 | D29: =VLOOKUP(C:C,재고차이!B:C,2,0) -> S)과일촌 아침에사과 500PET 4X6 | E29: =4+16 -> 20 | I29: 46182 | K29: =+P29 -> -99.75 | L29: =IF(I29="","",SUMIF(제품등록!B:B,'창고1(실사표)'!C:C,제품등록!F:F)) -> 365 | M29: =IF(I29=0,"",I29-L29) -> 45817 | N29: =IF(L29="","",L29*상미75) -> 91.25 | O29: =IF(M29="","",M29+N29) -> 45908.25 | P29: =IF(O29="","",O29-$I$1) -> -99.75
A30: =ROW()-2 -> 28 | B30: 2825 | C30: =VLOOKUP(B:B,재고차이!A:B,2,0) -> KM2825 | D30: =VLOOKUP(C:C,재고차이!B:C,2,0) -> S)갈아만든 배 500PET 4X6 | E30: 1 | I30: 46123 | K30: =+P30 -> -113 | L30: =IF(I30="","",SUMIF(제품등록!B:B,'창고1(실사표)'!C:C,제품등록!F:F)) -> 304 | M30: =IF(I30=0,"",I30-L30) -> 45819 | N30: =IF(L30="","",L30*상미75) -> 76 | O30: =IF(M30="","",M30+N30) -> 45895 | P30: =IF(O30="","",O30-$I$1) -> -113
A31: =ROW()-2 -> 29 | B31: GS0012 | C31: =VLOOKUP(B:B,재고차이!A:B,2,0) -> GS0012 | D31: =VLOOKUP(C:C,재고차이!B:C,2,0) -> 영진 구론산 오리지날액 150NRB 3X10 | E31: 1 | I31: 46163 | K31: =+P31 -> -118.75 | L31: =IF(I31="","",SUMIF(제품등록!B:B,'창고1(실사표)'!C:C,제품등록!F:F)) -> 365 | M31: =IF(I31=0,"",I31-L31) -> 45798 | N31: =IF(L31="","",L31*상미75) -> 91.25 | O31: =IF(M31="","",M31+N31) -> 45889.25 | P31: =IF(O31="","",O31-$I$1) -> -118.75
A32: =ROW()-2 -> 30 | B32: 5375 | C32: =VLOOKUP(B:B,재고차이!A:B,2,0) -> GS5375 | D32: =VLOOKUP(C:C,재고차이!B:C,2,0) -> 영진 구론산 탄산 오리지날 150NRB 3X10 | E32: 10 | I32: 46164 | K32: =+P32 -> -117.75 | L32: =IF(I32="","",SUMIF(제품등록!B:B,'창고1(실사표)'!C:C,제품등록!F:F)) -> 365 | M32: =IF(I32=0,"",I32-L32) -> 45799 | N32: =IF(L32="","",L32*상미75) -> 91.25 | O32: =IF(M32="","",M32+N32) -> 45890.25 | P32: =IF(O32="","",O32-$I$1) -> -117.75
A33: =ROW()-2 -> 31 | B33: 2826 | C33: =VLOOKUP(B:B,재고차이!A:B,2,0) -> KM2826 | D33: =VLOOKUP(C:C,재고차이!B:C,2,0) -> 갈아만든 배 1.5PET X6 | E33: 4 | I33: 46103 | K33: =+P33 -> -133 | L33: =IF(I33="","",SUMIF(제품등록!B:B,'창고1(실사표)'!C:C,제품등록!F:F)) -> 304 | M33: =IF(I33=0,"",I33-L33) -> 45799 | N33: =IF(L33="","",L33*상미75) -> 76 | O33: =IF(M33="","",M33+N33) -> 45875 | P33: =IF(O33="","",O33-$I$1) -> -133
A34: =ROW()-2 -> 32 | B34: 4929 | C34: =VLOOKUP(B:B,재고차이!A:B,2,0) -> KM4929 | D34: =VLOOKUP(C:C,재고차이!B:C,2,0) -> S)갈아만든 배 340CAN 4X6 | E34: 1 | I34: 46527 | K34: =+P34 -> -28.5 | L34: =IF(I34="","",SUMIF(제품등록!B:B,'창고1(실사표)'!C:C,제품등록!F:F)) -> 730 | M34: =IF(I34=0,"",I34-L34) -> 45797 | N34: =IF(L34="","",L34*상미75) -> 182.5 | O34: =IF(M34="","",M34+N34) -> 45979.5 | P34: =IF(O34="","",O34-$I$1) -> -28.5
A35: =ROW()-2 -> 33 | B35: 4290 | C35: =VLOOKUP(B:B,재고차이!A:B,2,0) -> KM4290 | D35: =VLOOKUP(C:C,재고차이!B:C,2,0) -> S)갈배 사이다 500PET 4X6 | E35: 13 | I35: 46161 | K35: =+P35 -> -120.75 | L35: =IF(I35="","",SUMIF(제품등록!B:B,'창고1(실사표)'!C:C,제품등록!F:F)) -> 365 | M35: =IF(I35=0,"",I35-L35) -> 45796 | N35: =IF(L35="","",L35*상미75) -> 91.25 | O35: =IF(M35="","",M35+N35) -> 45887.25 | P35: =IF(O35="","",O35-$I$1) -> -120.75
A36: =ROW()-2 -> 34 | B36: 4125 | C36: =VLOOKUP(B:B,재고차이!A:B,2,0) -> CP4125 | D36: =VLOOKUP(C:C,재고차이!B:C,2,0) -> S)코코팜 포도 340CAN 4X6 | E36: 6 | I36: 46485 | K36: =+P36 -> -70.5 | L36: =IF(I36="","",SUMIF(제품등록!B:B,'창고1(실사표)'!C:C,제품등록!F:F)) -> 730 | M36: =IF(I36=0,"",I36-L36) -> 45755 | N36: =IF(L36="","",L36*상미75) -> 182.5 | O36: =IF(M36="","",M36+N36) -> 45937.5 | P36: =IF(O36="","",O36-$I$1) -> -70.5
A37: =ROW()-2 -> 35 | B37: 4259 | C37: =VLOOKUP(B:B,재고차이!A:B,2,0) -> BB4259 | D37: =VLOOKUP(C:C,재고차이!B:C,2,0) -> S)봉봉 포도 340CAN 4X6 | E37: 15 | I37: 46555 | K37: =+P37 -> -0.5 | L37: =IF(I37="","",SUMIF(제품등록!B:B,'창고1(실사표)'!C:C,제품등록!F:F)) -> 730 | M37: =IF(I37=0,"",I37-L37) -> 45825 | N37: =IF(L37="","",L37*상미75) -> 182.5 | O37: =IF(M37="","",M37+N37) -> 46007.5 | P37: =IF(O37="","",O37-$I$1) -> -0.5
A38: =ROW()-2 -> 36 | B38: 4112 | C38: =VLOOKUP(B:B,재고차이!A:B,2,0) -> CP4112 | D38: =VLOOKUP(C:C,재고차이!B:C,2,0) -> S)코코팜 피치핑크 240CAN 5X6 | E38: 1 | I38: 46141 | K38: =+P38 -> -140.75 | L38: =IF(I38="","",SUMIF(제품등록!B:B,'창고1(실사표)'!C:C,제품등록!F:F)) -> 365 | M38: =IF(I38=0,"",I38-L38) -> 45776 | N38: =IF(L38="","",L38*상미75) -> 91.25 | O38: =IF(M38="","",M38+N38) -> 45867.25 | P38: =IF(O38="","",O38-$I$1) -> -140.75
A39: =ROW()-2 -> 37 | B39: 4281 | C39: =VLOOKUP(B:B,재고차이!A:B,2,0) -> CP4281 | D39: =VLOOKUP(C:C,재고차이!B:C,2,0) -> S)코코팜 화이트 240CAN 5X6 | E39: 1 | I39: 46133 | K39: =+P39 -> -148.75 | L39: =IF(I39="","",SUMIF(제품등록!B:B,'창고1(실사표)'!C:C,제품등록!F:F)) -> 365 | M39: =IF(I39=0,"",I39-L39) -> 45768 | N39: =IF(L39="","",L39*상미75) -> 91.25 | O39: =IF(M39="","",M39+N39) -> 45859.25 | P39: =IF(O39="","",O39-$I$1) -> -148.75
A40: =ROW()-2 -> 38 | B40: 4281 | C40: =VLOOKUP(B:B,재고차이!A:B,2,0) -> CP4281 | D40: =VLOOKUP(C:C,재고차이!B:C,2,0) -> S)코코팜 화이트 240CAN 5X6 | E40: 5 | I40: 46140 | K40: =+P40 -> -141.75 | L40: =IF(I40="","",SUMIF(제품등록!B:B,'창고1(실사표)'!C:C,제품등록!F:F)) -> 365 | M40: =IF(I40=0,"",I40-L40) -> 45775 | N40: =IF(L40="","",L40*상미75) -> 91.25 | O40: =IF(M40="","",M40+N40) -> 45866.25 | P40: =IF(O40="","",O40-$I$1) -> -141.75
A41: =ROW()-2 -> 39 | B41: 9120 | C41: =VLOOKUP(B:B,재고차이!A:B,2,0) -> MJ9120 | D41: =VLOOKUP(C:C,재고차이!B:C,2,0) -> 몸에좋은 Set 음양오행 180NRB 3X10 | E41: 3 | I41: 46132 | K41: =+P41 -> -149.75 | L41: =IF(I41="","",SUMIF(제품등록!B:B,'창고1(실사표)'!C:C,제품등록!F:F)) -> 365 | M41: =IF(I41=0,"",I41-L41) -> 45767 | N41: =IF(L41="","",L41*상미75) -> 91.25 | O41: =IF(M41="","",M41+N41) -> 45858.25 | P41: =IF(O41="","",O41-$I$1) -> -149.75
A42: =ROW()-2 -> 40 | B42: KC1005 | C42: =VLOOKUP(B:B,재고차이!A:B,2,0) -> KC1005 | D42: =VLOOKUP(C:C,재고차이!B:C,2,0) -> 과일촌 아침에 오+포+사 180NRB 3X12 | E42: 1 | I42: 46079 | K42: =+P42 -> -133.75 | L42: =IF(I42="","",SUMIF(제품등록!B:B,'창고1(실사표)'!C:C,제품등록!F:F)) -> 273 | M42: =IF(I42=0,"",I42-L42) -> 45806 | N42: =IF(L42="","",L42*상미75) -> 68.25 | O42: =IF(M42="","",M42+N42) -> 45874.25 | P42: =IF(O42="","",O42-$I$1) -> -133.75
A43: =ROW()-2 -> 41 | B43: 4872 | C43: =VLOOKUP(B:B,재고차이!A:B,2,0) -> GG4872 | D43: =VLOOKUP(C:C,재고차이!B:C,2,0) -> 조지아오리지널240C 5X6 | I43: 46198 | K43: =+P43 -> -83.75 | L43: =IF(I43="","",SUMIF(제품등록!B:B,'창고1(실사표)'!C:C,제품등록!F:F)) -> 365 | M43: =IF(I43=0,"",I43-L43) -> 45833 | N43: =IF(L43="","",L43*상미75) -> 91.25 | O43: =IF(M43="","",M43+N43) -> 45924.25 | P43: =IF(O43="","",O43-$I$1) -> -83.75
A44: =ROW()-2 -> 42 | B44: 4879 | C44: =VLOOKUP(B:B,재고차이!A:B,2,0) -> GG4879 | D44: =VLOOKUP(C:C,재고차이!B:C,2,0) -> 조지아카페라테240C 5X6 | E44: 1 | I44: 46203 | K44: =+P44 -> -78.75 | L44: =IF(I44="","",SUMIF(제품등록!B:B,'창고1(실사표)'!C:C,제품등록!F:F)) -> 365 | M44: =IF(I44=0,"",I44-L44) -> 45838 | N44: =IF(L44="","",L44*상미75) -> 91.25 | O44: =IF(M44="","",M44+N44) -> 45929.25 | P44: =IF(O44="","",O44-$I$1) -> -78.75
A45: =ROW()-2 -> 43 | B45: 4879 | C45: =VLOOKUP(B:B,재고차이!A:B,2,0) -> GG4879 | D45: =VLOOKUP(C:C,재고차이!B:C,2,0) -> 조지아카페라테240C 5X6 | E45: 7 | I45: 46204 | K45: =+P45 -> -77.75 | L45: =IF(I45="","",SUMIF(제품등록!B:B,'창고1(실사표)'!C:C,제품등록!F:F)) -> 365 | M45: =IF(I45=0,"",I45-L45) -> 45839 | N45: =IF(L45="","",L45*상미75) -> 91.25 | O45: =IF(M45="","",M45+N45) -> 45930.25 | P45: =IF(O45="","",O45-$I$1) -> -77.75
A46: =ROW()-2 -> 44 | B46: 4899 | C46: =VLOOKUP(B:B,재고차이!A:B,2,0) -> GG4899 | D46: =VLOOKUP(C:C,재고차이!B:C,2,0) -> 조지아맥스 240C 5X6 | E46: 10 | I46: 46199 | K46: =+P46 -> -82.75 | L46: =IF(I46="","",SUMIF(제품등록!B:B,'창고1(실사표)'!C:C,제품등록!F:F)) -> 365 | M46: =IF(I46=0,"",I46-L46) -> 45834 | N46: =IF(L46="","",L46*상미75) -> 91.25 | O46: =IF(M46="","",M46+N46) -> 45925.25 | P46: =IF(O46="","",O46-$I$1) -> -82.75
A47: =ROW()-2 -> 45 | B47: 8521 | C47: =VLOOKUP(B:B,재고차이!A:B,2,0) -> PA8521 | D47: =VLOOKUP(C:C,재고차이!B:C,2,0) -> 파워M/B 240CAN 5X6 | E47: 19 | I47: 46575 | K47: =+P47 -> 19.5 | L47: =IF(I47="","",SUMIF(제품등록!B:B,'창고1(실사표)'!C:C,제품등록!F:F)) -> 730 | M47: =IF(I47=0,"",I47-L47) -> 45845 | N47: =IF(L47="","",L47*상미75) -> 182.5 | O47: =IF(M47="","",M47+N47) -> 46027.5 | P47: =IF(O47="","",O47-$I$1) -> 19.5
A48: =ROW()-2 -> 46 | B48: 8560 | C48: =VLOOKUP(B:B,재고차이!A:B,2,0) -> TR8560 | D48: =VLOOKUP(C:C,재고차이!B:C,2,0) -> 토레타 240CAN 5X6 | E48: 3 | I48: 46185 | K48: =+P48 -> -96.75 | L48: =IF(I48="","",SUMIF(제품등록!B:B,'창고1(실사표)'!C:C,제품등록!F:F)) -> 365 | M48: =IF(I48=0,"",I48-L48) -> 45820 | N48: =IF(L48="","",L48*상미75) -> 91.25 | O48: =IF(M48="","",M48+N48) -> 45911.25 | P48: =IF(O48="","",O48-$I$1) -> -96.75
A49: =ROW()-2 -> 47 | B49: 1300 | C49: =VLOOKUP(B:B,재고차이!A:B,2,0) -> CC1300 | D49: =VLOOKUP(C:C,재고차이!B:C,2,0) -> 코카콜라SW 250CAN 5X6 | E49: =5+5 -> 10 | I49: 46561 | K49: =+P49 -> 5.5 | L49: =IF(I49="","",SUMIF(제품등록!B:B,'창고1(실사표)'!C:C,제품등록!F:F)) -> 730 | M49: =IF(I49=0,"",I49-L49) -> 45831 | N49: =IF(L49="","",L49*상미75) -> 182.5 | O49: =IF(M49="","",M49+N49) -> 46013.5 | P49: =IF(O49="","",O49-$I$1) -> 5.5
A50: =ROW()-2 -> 48 | B50: 1300 | C50: =VLOOKUP(B:B,재고차이!A:B,2,0) -> CC1300 | D50: =VLOOKUP(C:C,재고차이!B:C,2,0) -> 코카콜라SW 250CAN 5X6 | E50: 8 | I50: 46562 | K50: =+P50 -> 6.5 | L50: =IF(I50="","",SUMIF(제품등록!B:B,'창고1(실사표)'!C:C,제품등록!F:F)) -> 730 | M50: =IF(I50=0,"",I50-L50) -> 45832 | N50: =IF(L50="","",L50*상미75) -> 182.5 | O50: =IF(M50="","",M50+N50) -> 46014.5 | P50: =IF(O50="","",O50-$I$1) -> 6.5
A51: =ROW()-2 -> 49 | B51: 8273 | C51: =VLOOKUP(B:B,재고차이!A:B,2,0) -> CC8273 | D51: =VLOOKUP(C:C,재고차이!B:C,2,0) -> 코크 제로 250CAN 5X6 | I51: 46563 | K51: =+P51 -> 281.25 | L51: =IF(I51="","",SUMIF(제품등록!B:B,'창고1(실사표)'!C:C,제품등록!F:F)) -> 365 | M51: =IF(I51=0,"",I51-L51) -> 46198 | N51: =IF(L51="","",L51*상미75) -> 91.25 | O51: =IF(M51="","",M51+N51) -> 46289.25 | P51: =IF(O51="","",O51-$I$1) -> 281.25
A52: =ROW()-2 -> 50 | B52: 5771 | C52: =VLOOKUP(B:B,재고차이!A:B,2,0) -> CC5771 | D52: =VLOOKUP(C:C,재고차이!B:C,2,0) -> 코크제로 제로 250CAN 5X6 | E52: 2 | I52: 46365 | K52: =+P52 -> -54 | L52: =IF(I52="","",SUMIF(제품등록!B:B,'창고1(실사표)'!C:C,제품등록!F:F)) -> 548 | M52: =IF(I52=0,"",I52-L52) -> 45817 | N52: =IF(L52="","",L52*상미75) -> 137 | O52: =IF(M52="","",M52+N52) -> 45954 | P52: =IF(O52="","",O52-$I$1) -> -54
A53: =ROW()-2 -> 51 | B53: 4823 | C53: =VLOOKUP(B:B,재고차이!A:B,2,0) -> FT4823 | D53: =VLOOKUP(C:C,재고차이!B:C,2,0) -> 환타오렌지250CAN 5X6 M | E53: 3 | I53: 46563 | K53: =+P53 -> 7.5 | L53: =IF(I53="","",SUMIF(제품등록!B:B,'창고1(실사표)'!C:C,제품등록!F:F)) -> 730 | M53: =IF(I53=0,"",I53-L53) -> 45833 | N53: =IF(L53="","",L53*상미75) -> 182.5 | O53: =IF(M53="","",M53+N53) -> 46015.5 | P53: =IF(O53="","",O53-$I$1) -> 7.5
A54: =ROW()-2 -> 52 | B54: 5312 | C54: =VLOOKUP(B:B,재고차이!A:B,2,0) -> FT5312 | D54: =VLOOKUP(C:C,재고차이!B:C,2,0) -> 환타 파인 250CAN 5X6 | E54: 7 | I54: 46547 | K54: =+P54 -> -8.5 | L54: =IF(I54="","",SUMIF(제품등록!B:B,'창고1(실사표)'!C:C,제품등록!F:F)) -> 730 | M54: =IF(I54=0,"",I54-L54) -> 45817 | N54: =IF(L54="","",L54*상미75) -> 182.5 | O54: =IF(M54="","",M54+N54) -> 45999.5 | P54: =IF(O54="","",O54-$I$1) -> -8.5

Sheet 창고2(실사표)
H1: 조사일 | I1: =TODAY() -> 46008 | L1: 중요
B2: 제품코드 | C2: SAP코드 | D2: Brand Name | E2: 아주 | F2: 940P | G2: 잔량 | H2: 보류재고 | I2: 소비기한 | J2: 홀딩테그 | K2: 75% 사용가능 | L2: 소비기한 | M2: 생산일자 | N2: 0.75 | O2: 사용가능 | P2: 사용가능일수 75%
A3: =ROW()-2 -> 1 | B3: 2531 | C3: =VLOOKUP(B:B,재고차이!A:B,2,0) -> CC2531 | D3: =VLOOKUP(C:C,재고차이!B:C,2,0) -> 코카콜라 350CAN 4X6 | E3: 1 | I3: 46546 | K3: =+P3 -> -9.5 | L3: =IF(I3="","",SUMIF(제품등록!B:B,'창고2(실사표)'!C:C,제품등록!F:F)) -> 730 | M3: =IF(I3=0,"",I3-L3) -> 45816 | N3: =IF(M3="","",L3*상미75) -> 182.5 | O3: =IF(N3="","",M3+N3) -> 45998.5 | P3: =IF(O3="","",O3-$I$1) -> -9.5
A4: =ROW()-2 -> 2 | B4: 2531 | C4: =VLOOKUP(B:B,재고차이!A:B,2,0) -> CC2531 | D4: =VLOOKUP(C:C,재고차이!B:C,2,0) -> 코카콜라 350CAN 4X6 | E4: 26 | I4: 46549 | K4: =+P4 -> -6.5 | L4: =IF(I4="","",SUMIF(제품등록!B:B,'창고2(실사표)'!C:C,제품등록!F:F)) -> 730 | M4: =IF(I4=0,"",I4-L4) -> 45819 | N4: =IF(M4="","",L4*상미75) -> 182.5 | O4: =IF(N4="","",M4+N4) -> 46001.5 | P4: =IF(O4="","",O4-$I$1) -> -6.5
A5: =ROW()-2 -> 3 | B5: 2531 | C5: =VLOOKUP(B:B,재고차이!A:B,2,0) -> CC2531 | D5: =VLOOKUP(C:C,재고차이!B:C,2,0) -> 코카콜라 350CAN 4X6 | E5: 13 | I5: 46550 | K5: =+P5 -> -5.5 | L5: =IF(I5="","",SUMIF(제품등록!B:B,'창고2(실사표)'!C:C,제품등록!F:F)) -> 730 | M5: =IF(I5=0,"",I5-L5) -> 45820 | N5: =IF(M5="","",L5*상미75) -> 182.5 | O5: =IF(N5="","",M5+N5) -> 46002.5 | P5: =IF(O5="","",O5-$I$1) -> -5.5
A6: =ROW()-2 -> 4 | B6: 5191 | C6: =VLOOKUP(B:B,재고차이!A:B,2,0) -> CC5191 | D6: =VLOOKUP(C:C,재고차이!B:C,2,0) -> 코카콜라 490CAN 6X4 | E6: 1 | I6: 46561 | K6: =+P6 -> 5.5 | L6: =IF(I6="","",SUMIF(제품등록!B:B,'창고2(실사표)'!C:C,제품등록!F:F)) -> 730 | M6: =IF(I6=0,"",I6-L6) -> 45831 | N6: =IF(M6="","",L6*상미75) -> 182.5 | O6: =IF(N6="","",M6+N6) -> 46013.5 | P6: =IF(O6="","",O6-$I$1) -> 5.5
A7: =ROW()-2 -> 5 | B7: 5777 | C7: =VLOOKUP(B:B,재고차이!A:B,2,0) -> CC5777 | D7: =VLOOKUP(C:C,재고차이!B:C,2,0) -> 코크제로 350CAN 4X6 | E7: =4+2 -> 6 | I7: 46549 | K7: =+P7 -> 267.25 | L7: =IF(I7="","",SUMIF(제품등록!B:B,'창고2(실사표)'!C:C,제품등록!F:F)) -> 365 | M7: =IF(I7=0,"",I7-L7) -> 46184 | N7: =IF(M7="","",L7*상미75) -> 91.25 | O7: =IF(N7="","",M7+N7) -> 46275.25 | P7: =IF(O7="","",O7-$I$1) -> 267.25
A8: =ROW()-2 -> 6 | B8: 5192 | C8: =VLOOKUP(B:B,재고차이!A:B,2,0) -> CC5192 | D8: =VLOOKUP(C:C,재고차이!B:C,2,0) -> 코크제로 490ml CAN 6X4 | E8: 16 | I8: 46526 | K8: =+P8 -> -29.5 | L8: =IF(I8="","",SUMIF(제품등록!B:B,'창고2(실사표)'!C:C,제품등록!F:F)) -> 730 | M8: =IF(I8=0,"",I8-L8) -> 45796 | N8: =IF(M8="","",L8*상미75) -> 182.5 | O8: =IF(N8="","",M8+N8) -> 45978.5 | P8: =IF(O8="","",O8-$I$1) -> -29.5
A9: =ROW()-2 -> 7 | B9: 4179 | C9: =VLOOKUP(B:B,재고차이!A:B,2,0) -> SP4179 | D9: =VLOOKUP(C:C,재고차이!B:C,2,0) -> 스프라이트(신350C 4X6 | I9: 46494 | K9: =+P9 -> -61.5 | L9: =IF(I9="","",SUMIF(제품등록!B:B,'창고2(실사표)'!C:C,제품등록!F:F)) -> 730 | M9: =IF(I9=0,"",I9-L9) -> 45764 | N9: =IF(M9="","",L9*상미75) -> 182.5 | O9: =IF(N9="","",M9+N9) -> 45946.5 | P9: =IF(O9="","",O9-$I$1) -> -61.5
A10: =ROW()-2 -> 8 | B10: 4184 | C10: =VLOOKUP(B:B,재고차이!A:B,2,0) -> SP4184 | D10: =VLOOKUP(C:C,재고차이!B:C,2,0) -> S)스프제로 칠 아이스블라스트 350CAN 4X6 | E10: 2 | I10: 46164 | K10: =+P10 -> -117.75 | L10: =IF(I10="","",SUMIF(제품등록!B:B,'창고2(실사표)'!C:C,제품등록!F:F)) -> 365 | M10: =IF(I10=0,"",I10-L10) -> 45799 | N10: =IF(M10="","",L10*상미75) -> 91.25 | O10: =IF(N10="","",M10+N10) -> 45890.25 | P10: =IF(O10="","",O10-$I$1) -> -117.75
A11: =ROW()-2 -> 9 | B11: 4184 | C11: =VLOOKUP(B:B,재고차이!A:B,2,0) -> SP4184 | D11: =VLOOKUP(C:C,재고차이!B:C,2,0) -> S)스프제로 칠 아이스블라스트 350CAN 4X6 | E11: =11+1 -> 12 | I11: 46213 | K11: =+P11 -> -68.75 | L11: =IF(I11="","",SUMIF(제품등록!B:B,'창고2(실사표)'!C:C,제품등록!F:F)) -> 365 | M11: =IF(I11=0,"",I11-L11) -> 45848 | N11: =IF(M11="","",L11*상미75) -> 91.25 | O11: =IF(N11="","",M11+N11) -> 45939.25 | P11: =IF(O11="","",O11-$I$1) -> -68.75
A12: =ROW()-2 -> 10 | B12: 4177 | C12: =VLOOKUP(B:B,재고차이!A:B,2,0) -> FT4177 | D12: =VLOOKUP(C:C,재고차이!B:C,2,0) -> S)환타 오렌지 350CAN 4X6 | I12: 46563 | K12: =+P12 -> 7.5 | L12: =IF(I12="","",SUMIF(제품등록!B:B,'창고2(실사표)'!C:C,제품등록!F:F)) -> 730 | M12: =IF(I12=0,"",I12-L12) -> 45833 | N12: =IF(M12="","",L12*상미75) -> 182.5 | O12: =IF(N12="","",M12+N12) -> 46015.5 | P12: =IF(O12="","",O12-$I$1) -> 7.5
A13: =ROW()-2 -> 11 | B13: 7994 | C13: =VLOOKUP(B:B,재고차이!A:B,2,0) -> DP7994 | D13: =VLOOKUP(C:C,재고차이!B:C,2,0) -> 닥터페퍼 제로 350CAN 4X6 | E13: 17 | I13: 46192 | K13: =+P13 -> -89.75 | L13: =IF(I13="","",SUMIF(제품등록!B:B,'창고2(실사표)'!C:C,제품등록!F:F)) -> 365 | M13: =IF(I13=0,"",I13-L13) -> 45827 | N13: =IF(M13="","",L13*상미75) -> 91.25 | O13: =IF(N13="","",M13+N13) -> 45918.25 | P13: =IF(O13="","",O13-$I$1) -> -89.75
A14: =ROW()-2 -> 12 | B14: DP0439 | C14: =VLOOKUP(B:B,재고차이!A:B,2,0) -> DP0439 | D14: =VLOOKUP(C:C,재고차이!B:C,2,0) -> S)닥터페퍼제로 스트로베리&크림 350CAN4X6 | E14: =8+3 -> 11 | I14: 46207 | K14: =+P14 -> -74.75 | L14: =IF(I14="","",SUMIF(제품등록!B:B,'창고2(실사표)'!C:C,제품등록!F:F)) -> 365 | M14: =IF(I14=0,"",I14-L14) -> 45842 | N14: =IF(M14="","",L14*상미75) -> 91.25 | O14: =IF(N14="","",M14+N14) -> 45933.25 | P14: =IF(O14="","",O14-$I$1) -> -74.75
A15: =ROW()-2 -> 13 | B15: FT4181 | C15: =VLOOKUP(B:B,재고차이!A:B,2,0) -> FT4181 | D15: =VLOOKUP(C:C,재고차이!B:C,2,0) -> 환타 제로 파인 350CAN 4X6 | E15: =16+1 -> 17 | I15: 46191 | K15: =+P15 -> -90.75 | L15: 365 | M15: =IF(I15=0,"",I15-L15) -> 45826 | N15: =IF(L15="","",L15*상미75) -> 91.25 | O15: =IF(M15="","",M15+N15) -> 45917.25 | P15: =IF(O15="","",O15-$I$1) -> -90.75
A16: =ROW()-2 -> 14 | B16: 4182 | C16: =VLOOKUP(B:B,재고차이!A:B,2,0) -> FT4182 | D16: =VLOOKUP(C:C,재고차이!B:C,2,0) -> 환타 제로 오렌지 350CAN 4X6 | E16: =16+2 -> 18 | I16: 46177 | K16: =+P16 -> -104.75 | L16: 365 | M16: =IF(I16=0,"",I16-L16) -> 45812 | N16: =IF(L16="","",L16*상미75) -> 91.25 | O16: =IF(M16="","",M16+N16) -> 45903.25 | P16: =IF(O16="","",O16-$I$1) -> -104.75
A17: =ROW()-2 -> 15 | B17: 5194 | C17: =VLOOKUP(B:B,재고차이!A:B,2,0) -> CC5194 | D17: =VLOOKUP(C:C,재고차이!B:C,2,0) -> S)코크제로 레몬 350CAN 4X6 | E17: 1 | I17: 46355 | K17: =+P17 -> 73.25 | L17: 365 | M17: =IF(I17=0,"",I17-L17) -> 45990 | N17: =IF(L17="","",L17*상미75) -> 91.25 | O17: =IF(M17="","",M17+N17) -> 46081.25 | P17: =IF(O17="","",O17-$I$1) -> 73.25
A18: =ROW()-2 -> 16 | B18: 5641 | C18: =VLOOKUP(B:B,재고차이!A:B,2,0) -> MO5641 | D18: =VLOOKUP(C:C,재고차이!B:C,2,0) -> 몬스터에너지그린355C 4X6 | E18: =3+8 -> 11 | I18: 46549 | K18: =+P18 -> -6.5 | L18: =IF(I18="","",SUMIF(제품등록!B:B,'창고2(실사표)'!C:C,제품등록!F:F)) -> 730 | M18: =IF(I18=0,"",I18-L18) -> 45819 | N18: =IF(M18="","",L18*상미75) -> 182.5 | O18: =IF(N18="","",M18+N18) -> 46001.5 | P18: =IF(O18="","",O18-$I$1) -> -6.5
A19: =ROW()-2 -> 17 | B19: 5643 | C19: =VLOOKUP(B:B,재고차이!A:B,2,0) -> MO5643 | D19: =VLOOKUP(C:C,재고차이!B:C,2,0) -> 몬스터 에너지 울트라 355CAN 4X6 | E19: 3 | I19: 46548 | K19: =+P19 -> -7.5 | L19: =IF(I19="","",SUMIF(제품등록!B:B,'창고2(실사표)'!C:C,제품등록!F:F)) -> 730 | M19: =IF(I19=0,"",I19-L19) -> 45818 | N19: =IF(M19="","",L19*상미75) -> 182.5 | O19: =IF(N19="","",M19+N19) -> 46000.5 | P19: =IF(O19="","",O19-$I$1) -> -7.5
A20: =ROW()-2 -> 18 | B20: 5643 | C20: =VLOOKUP(B:B,재고차이!A:B,2,0) -> MO5643 | D20: =VLOOKUP(C:C,재고차이!B:C,2,0) -> 몬스터 에너지 울트라 355CAN 4X6 | E20: =9+5 -> 14 | I20: 46556 | K20: =+P20 -> 0.5 | L20: =IF(I20="","",SUMIF(제품등록!B:B,'창고2(실사표)'!C:C,제품등록!F:F)) -> 730 | M20: =IF(I20=0,"",I20-L20) -> 45826 | N20: =IF(M20="","",L20*상미75) -> 182.5 | O20: =IF(N20="","",M20+N20) -> 46008.5 | P20: =IF(O20="","",O20-$I$1) -> 0.5
A21: =ROW()-2 -> 19 | B21: 5639 | C21: =VLOOKUP(B:B,재고차이!A:B,2,0) -> MO5639 | D21: =VLOOKUP(C:C,재고차이!B:C,2,0) -> 몬스터 에너지 시트라 355CAN 4X6 | E21: =16+1 -> 17 | I21: 46553 | K21: =+P21 -> -2.5 | L21: =IF(I21="","",SUMIF(제품등록!B:B,'창고2(실사표)'!C:C,제품등록!F:F)) -> 730 | M21: =IF(I21=0,"",I21-L21) -> 45823 | N21: =IF(M21="","",L21*상미75) -> 182.5 | O21: =IF(N21="","",M21+N21) -> 46005.5 | P21: =IF(O21="","",O21-$I$1) -> -2.5
A22: =ROW()-2 -> 20 | B22: 5636 | C22: =VLOOKUP(B:B,재고차이!A:B,2,0) -> MO5636 | D22: =VLOOKUP(C:C,재고차이!B:C,2,0) -> 몬스터 에너지 펀치 355CAN 4X6 | E22: =12+2 -> 14 | I22: 46535 | K22: =+P22 -> -20.5 | L22: =IF(I22="","",SUMIF(제품등록!B:B,'창고2(실사표)'!C:C,제품등록!F:F)) -> 730 | M22: =IF(I22=0,"",I22-L22) -> 45805 | N22: =IF(M22="","",L22*상미75) -> 182.5 | O22: =IF(N22="","",M22+N22) -> 45987.5 | P22: =IF(O22="","",O22-$I$1) -> -20.5
A23: =ROW()-2 -> 21 | B23: 5656 | C23: =VLOOKUP(B:B,재고차이!A:B,2,0) -> MO5656 | D23: =VLOOKUP(C:C,재고차이!B:C,2,0) -> 몬스터 에너지 망고로코 355CAN 4X6 | E23: 4 | I23: 46542 | K23: =+P23 -> -13.5 | L23: =IF(I23="","",SUMIF(제품등록!B:B,'창고2(실사표)'!C:C,제품등록!F:F)) -> 730 | M23: =IF(I23=0,"",I23-L23) -> 45812 | N23: =IF(M23="","",L23*상미75) -> 182.5 | O23: =IF(N23="","",M23+N23) -> 45994.5 | P23: =IF(O23="","",O23-$I$1) -> -13.5
A24: =ROW()-2 -> 22 | B24: 5656 | C24: =VLOOKUP(B:B,재고차이!A:B,2,0) -> MO5656 | D24: =VLOOKUP(C:C,재고차이!B:C,2,0) -> 몬스터 에너지 망고로코 355CAN 4X6 | E24: 14 | I24: 46543 | K24: =+P24 -> -12.5 | L24: =IF(I24="","",SUMIF(제품등록!B:B,'창고2(실사표)'!C:C,제품등록!F:F)) -> 730 | M24: =IF(I24=0,"",I24-L24) -> 45813 | N24: =IF(M24="","",L24*상미75) -> 182.5 | O24: =IF(N24="","",M24+N24) -> 45995.5 | P24: =IF(O24="","",O24-$I$1) -> -12.5
A25: =ROW()-2 -> 23 | B25: 5628 | C25: =VLOOKUP(B:B,재고차이!A:B,2,0) -> MO5628 | D25: =VLOOKUP(C:C,재고차이!B:C,2,0) -> 몬스터 에너지 제로슈거 355CAN 4X6 | E25: 1 | I25: 46513 | K25: =+P25 -> -42.5 | L25: =IF(I25="","",SUMIF(제품등록!B:B,'창고2(실사표)'!C:C,제품등록!F:F)) -> 730 | M25: =IF(I25=0,"",I25-L25) -> 45783 | N25: =IF(M25="","",L25*상미75) -> 182.5 | O25: =IF(N25="","",M25+N25) -> 45965.5 | P25: =IF(O25="","",O25-$I$1) -> -42.5
A26: =ROW()-2 -> 24 | B26: 5662 | C26: =VLOOKUP(B:B,재고차이!A:B,2,0) -> MO5662 | D26: =VLOOKUP(C:C,재고차이!B:C,2,0) -> 몬스터 에너지 선라이즈 355CAN 4X6 | E26: 8 | I26: 46478 | K26: =+P26 -> -77.5 | L26: =IF(I26="","",SUMIF(제품등록!B:B,'창고2(실사표)'!C:C,제품등록!F:F)) -> 730 | M26: =IF(I26=0,"",I26-L26) -> 45748 | N26: =IF(M26="","",L26*상미75) -> 182.5 | O26: =IF(N26="","",M26+N26) -> 45930.5 | P26: =IF(O26="","",O26-$I$1) -> -77.5
A27: =ROW()-2 -> 25 | B27: 5664 | C27: =VLOOKUP(B:B,재고차이!A:B,2,0) -> MO5664 | D27: =VLOOKUP(C:C,재고차이!B:C,2,0) -> 몬스터 에너지 피치킨 355CAN 4X6 | E27: 16 | I27: 46471 | K27: =+P27 -> -84.5 | L27: =IF(I27="","",SUMIF(제품등록!B:B,'창고2(실사표)'!C:C,제품등록!F:F)) -> 730 | M27: =IF(I27=0,"",I27-L27) -> 45741 | N27: =IF(M27="","",L27*상미75) -> 182.5 | O27: =IF(N27="","",M27+N27) -> 45923.5 | P27: =IF(O27="","",O27-$I$1) -> -84.5
A28: =ROW()-2 -> 26 | B28: 5668 | C28: =VLOOKUP(B:B,재고차이!A:B,2,0) -> MO5668 | D28: =VLOOKUP(C:C,재고차이!B:C,2,0) -> 몬스터 오지 레모네이드 355CAN 4X6 | E28: 13 | I28: 46516 | K28: =+P28 -> -39.5 | L28: =IF(I28="","",SUMIF(제품등록!B:B,'창고2(실사표)'!C:C,제품등록!F:F)) -> 730 | M28: =IF(I28=0,"",I28-L28) -> 45786 | N28: =IF(M28="","",L28*상미75) -> 182.5 | O28: =IF(N28="","",M28+N28) -> 45968.5 | P28: =IF(O28="","",O28-$I$1) -> -39.5
A29: =ROW()-2 -> 27 | B29: 5676 | C29: =VLOOKUP(B:B,재고차이!A:B,2,0) -> MO5676 | D29: =VLOOKUP(C:C,재고차이!B:C,2,0) -> S)몬스터 스트로베리 드림즈 355CAN 4X6 | E29: =11+10 -> 21 | I29: 46487 | K29: =+P29 -> -68.5 | L29: =IF(I29="","",SUMIF(제품등록!B:B,'창고2(실사표)'!C:C,제품등록!F:F)) -> 730 | M29: =IF(I29=0,"",I29-L29) -> 45757 | N29: =IF(M29="","",L29*상미75) -> 182.5 | O29: =IF(N29="","",M29+N29) -> 45939.5 | P29: =IF(O29="","",O29-$I$1) -> -68.5
A30: =ROW()-2 -> 28 | B30: 5679 | C30: =VLOOKUP(B:B,재고차이!A:B,2,0) -> MO5679 | D30: =VLOOKUP(C:C,재고차이!B:C,2,0) -> S)몬스터 에너지 파피용 355CAN 4X6 | E30: =8+29 -> 37 | I30: 46522 | K30: =+P30 -> -33.5 | L30: =IF(I30="","",SUMIF(제품등록!B:B,'창고2(실사표)'!C:C,제품등록!F:F)) -> 730 | M30: =IF(I30=0,"",I30-L30) -> 45792 | N30: =IF(M30="","",L30*상미75) -> 182.5 | O30: =IF(N30="","",M30+N30) -> 45974.5 | P30: =IF(O30="","",O30-$I$1) -> -33.5
A31: 27 | B31: 5672 | C31: =VLOOKUP(B:B,재고차이!A:B,2,0) -> MO5672 | D31: =VLOOKUP(C:C,재고차이!B:C,2,0) -> 몬스터 에너지 그린 500CAN 4X6 | E31: 7 | I31: 46484 | K31: =+P31 -> -71.5 | L31: =IF(I31="","",SUMIF(제품등록!B:B,'창고2(실사표)'!C:C,제품등록!F:F)) -> 730 | M31: =IF(I31=0,"",I31-L31) -> 45754 | N31: =IF(M31="","",L31*상미75) -> 182.5 | O31: =IF(N31="","",M31+N31) -> 45936.5 | P31: =IF(O31="","",O31-$I$1) -> -71.5
A32: =ROW()-2 -> 30 | B32: 5673 | C32: =VLOOKUP(B:B,재고차이!A:B,2,0) -> MO5673 | D32: =VLOOKUP(C:C,재고차이!B:C,2,0) -> 몬스터 에너지 울트라 500CAN 4X6 | E32: 3 | I32: 46485 | K32: =+P32 -> -70.5 | L32: =IF(I32="","",SUMIF(제품등록!B:B,'창고2(실사표)'!C:C,제품등록!F:F)) -> 730 | M32: =IF(I32=0,"",I32-L32) -> 45755 | N32: =IF(M32="","",L32*상미75) -> 182.5 | O32: =IF(N32="","",M32+N32) -> 45937.5 | P32: =IF(O32="","",O32-$I$1) -> -70.5
A33: =ROW()-2 -> 31 | B33: 5769 | C33: =VLOOKUP(B:B,재고차이!A:B,2,0) -> CC5769 | D33: =VLOOKUP(C:C,재고차이!B:C,2,0) -> 코크제로 제로 350CAN 4X6 | I33: 46341 | K33: =+P33 -> -78 | L33: =IF(I33="","",SUMIF(제품등록!B:B,'창고2(실사표)'!C:C,제품등록!F:F)) -> 548 | M33: =IF(I33=0,"",I33-L33) -> 45793 | N33: =IF(M33="","",L33*상미75) -> 137 | O33: =IF(N33="","",M33+N33) -> 45930 | P33: =IF(O33="","",O33-$I$1) -> -78
A34: =ROW()-2 -> 32 | B34: 6120 | C34: =VLOOKUP(B:B,재고차이!A:B,2,0) -> SP6120 | D34: =VLOOKUP(C:C,재고차이!B:C,2,0) -> S스프라이트(신1.5P 2X6 | E34: 23 | I34: 46182 | K34: =+P34 -> -99.75 | L34: =IF(I34="","",SUMIF(제품등록!B:B,'창고2(실사표)'!C:C,제품등록!F:F)) -> 365 | M34: =IF(I34=0,"",I34-L34) -> 45817 | N34: =IF(M34="","",L34*상미75) -> 91.25 | O34: =IF(N34="","",M34+N34) -> 45908.25 | P34: =IF(O34="","",O34-$I$1) -> -99.75
A35: =ROW()-2 -> 33 | B35: 6349 | C35: =VLOOKUP(B:B,재고차이!A:B,2,0) -> FT6349 | D35: =VLOOKUP(C:C,재고차이!B:C,2,0) -> 환타오렌지(S) 1.5P 2X6 | E35: =2+15 -> 17 | I35: 46192 | K35: =+P35 -> -89.75 | L35: =IF(I35="","",SUMIF(제품등록!B:B,'창고2(실사표)'!C:C,제품등록!F:F)) -> 365 | M35: =IF(I35=0,"",I35-L35) -> 45827 | N35: =IF(M35="","",L35*상미75) -> 91.25 | O35: =IF(N35="","",M35+N35) -> 45918.25 | P35: =IF(O35="","",O35-$I$1) -> -89.75
A36: =ROW()-2 -> 34 | B36: 7923 | C36: =VLOOKUP(B:B,재고차이!A:B,2,0) -> CC7923 | D36: =VLOOKUP(C:C,재고차이!B:C,2,0) -> S)코카-콜라1.5PET 2X6 | E36: 20 | I36: 46192 | K36: =+P36 -> -89.75 | L36: =IF(I36="","",SUMIF(제품등록!B:B,'창고2(실사표)'!C:C,제품등록!F:F)) -> 365 | M36: =IF(I36=0,"",I36-L36) -> 45827 | N36: =IF(M36="","",L36*상미75) -> 91.25 | O36: =IF(N36="","",M36+N36) -> 45918.25 | P36: =IF(O36="","",O36-$I$1) -> -89.75
A37: =ROW()-2 -> 35 | B37: 7923 | C37: =VLOOKUP(B:B,재고차이!A:B,2,0) -> CC7923 | D37: =VLOOKUP(C:C,재고차이!B:C,2,0) -> S)코카-콜라1.5PET 2X6 | E37: 10 | I37: 46196 | K37: =+P37 -> -85.75 | L37: =IF(I37="","",SUMIF(제품등록!B:B,'창고2(실사표)'!C:C,제품등록!F:F)) -> 365 | M37: =IF(I37=0,"",I37-L37) -> 45831 | N37: =IF(M37="","",L37*상미75) -> 91.25 | O37: =IF(N37="","",M37+N37) -> 45922.25 | P37: =IF(O37="","",O37-$I$1) -> -85.75
A38: =ROW()-2 -> 36 | B38: 5200 | C38: =VLOOKUP(B:B,재고차이!A:B,2,0) -> CC5200 | D38: =VLOOKUP(C:C,재고차이!B:C,2,0) -> 코카콜라 900PET 2X6 | K38: =+P38 | L38: =IF(I38="","",SUMIF(제품등록!B:B,'창고2(실사표)'!C:C,제품등록!F:F)) | M38: =IF(I38=0,"",I38-L38) | N38: =IF(M38="","",L38*상미75) | O38: =IF(N38="","",M38+N38) | P38: =IF(O38="","",O38-$I$1)
A39: =ROW()-2 -> 37 | B39: 8429 | C39: =VLOOKUP(B:B,재고차이!A:B,2,0) -> CC8429 | D39: =VLOOKUP(C:C,재고차이!B:C,2,0) -> 코크제로 1.5PET 2X6 | E39: =29+4 -> 33 | I39: 46103 | K39: =+P39 -> -109.75 | L39: =IF(I39="","",SUMIF(제품등록!B:B,'창고2(실사표)'!C:C,제품등록!F:F)) -> 273 | M39: =IF(I39=0,"",I39-L39) -> 45830 | N39: =IF(M39="","",L39*상미75) -> 68.25 | O39: =IF(N39="","",M39+N39) -> 45898.25 | P39: =IF(O39="","",O39-$I$1) -> -109.75
A40: =ROW()-2 -> 38 | B40: 6676 | C40: =VLOOKUP(B:B,재고차이!A:B,2,0) -> CC6676 | D40: =VLOOKUP(C:C,재고차이!B:C,2,0) -> S)코카콜라 500PET 4X6 | E40: =11+12 -> 23 | I40: 46199 | K40: =+P40 -> -82.75 | L40: =IF(I40="","",SUMIF(제품등록!B:B,'창고2(실사표)'!C:C,제품등록!F:F)) -> 365 | M40: =IF(I40=0,"",I40-L40) -> 45834 | N40: =IF(M40="","",L40*상미75) -> 91.25 | O40: =IF(N40="","",M40+N40) -> 45925.25 | P40: =IF(O40="","",O40-$I$1) -> -82.75
A41: =ROW()-2 -> 39 | B41: 4432 | C41: =VLOOKUP(B:B,재고차이!A:B,2,0) -> CC4432 | D41: =VLOOKUP(C:C,재고차이!B:C,2,0) -> S)코크제로 500PET 4X6 | E41: =16+3 -> 19 | I41: 46106 | K41: =+P41 -> -106.75 | L41: =IF(I41="","",SUMIF(제품등록!B:B,'창고2(실사표)'!C:C,제품등록!F:F)) -> 273 | M41: =IF(I41=0,"",I41-L41) -> 45833 | N41: =IF(M41="","",L41*상미75) -> 68.25 | O41: =IF(N41="","",M41+N41) -> 45901.25 | P41: =IF(O41="","",O41-$I$1) -> -106.75
A42: =ROW()-2 -> 40 | B42: 5201 | C42: =VLOOKUP(B:B,재고차이!A:B,2,0) -> CC5201 | D42: =VLOOKUP(C:C,재고차이!B:C,2,0) -> S)코크제로 제로 500PET 4X6 | E42: 6 | I42: 46197 | K42: =+P42 -> -84.75 | L42: =IF(I42="","",SUMIF(제품등록!B:B,'창고2(실사표)'!C:C,제품등록!F:F)) -> 365 | M42: =IF(I42=0,"",I42-L42) -> 45832 | N42: =IF(M42="","",L42*상미75) -> 91.25 | O42: =IF(N42="","",M42+N42) -> 45923.25 | P42: =IF(O42="","",O42-$I$1) -> -84.75
A43: =ROW()-2 -> 41 | B43: 5201 | C43: =VLOOKUP(B:B,재고차이!A:B,2,0) -> CC5201 | D43: =VLOOKUP(C:C,재고차이!B:C,2,0) -> S)코크제로 제로 500PET 4X6 | E43: 8 | I43: 46198 | K43: =+P43 -> -83.75 | L43: =IF(I43="","",SUMIF(제품등록!B:B,'창고2(실사표)'!C:C,제품등록!F:F)) -> 365 | M43: =IF(I43=0,"",I43-L43) -> 45833 | N43: =IF(M43="","",L43*상미75) -> 91.25 | O43: =IF(N43="","",M43+N43) -> 45924.25 | P43: =IF(O43="","",O43-$I$1) -> -83.75
A44: =ROW()-2 -> 42 | B44: 455 | C44: =VLOOKUP(B:B,재고차이!A:B,2,0) -> CC0455 | D44: =VLOOKUP(C:C,재고차이!B:C,2,0) -> 코크제로 레몬 500PET 4X6 | E44: =16+7 -> 23 | I44: 46171 | K44: =+P44 -> -110.75 | L44: =IF(I44="","",SUMIF(제품등록!B:B,'창고2(실사표)'!C:C,제품등록!F:F)) -> 365 | M44: =IF(I44=0,"",I44-L44) -> 45806 | N44: =IF(M44="","",L44*상미75) -> 91.25 | O44: =IF(N44="","",M44+N44) -> 45897.25 | P44: =IF(O44="","",O44-$I$1) -> -110.75
A45: =ROW()-2 -> 43 | B45: 6117 | C45: =VLOOKUP(B:B,재고차이!A:B,2,0) -> SP6117 | D45: =VLOOKUP(C:C,재고차이!B:C,2,0) -> 스프라이트(신500P 4X6 | E45: =17+13 -> 30 | I45: 46196 | K45: =+P45 -> -85.75 | L45: =IF(I45="","",SUMIF(제품등록!B:B,'창고2(실사표)'!C:C,제품등록!F:F)) -> 365 | M45: =IF(I45=0,"",I45-L45) -> 45831 | N45: =IF(M45="","",L45*상미75) -> 91.25 | O45: =IF(N45="","",M45+N45) -> 45922.25 | P45: =IF(O45="","",O45-$I$1) -> -85.75
A46: =ROW()-2 -> 44 | B46: 6103 | C46: =VLOOKUP(B:B,재고차이!A:B,2,0) -> SP6103 | D46: =VLOOKUP(C:C,재고차이!B:C,2,0) -> S)스프라이트 제로 500PET 4X6 | E46: =18+3 -> 21 | I46: 46099 | K46: =+P46 -> -113.75 | L46: =IF(I46="","",SUMIF(제품등록!B:B,'창고2(실사표)'!C:C,제품등록!F:F)) -> 273 | M46: =IF(I46=0,"",I46-L46) -> 45826 | N46: =IF(M46="","",L46*상미75) -> 68.25 | O46: =IF(N46="","",M46+N46) -> 45894.25 | P46: =IF(O46="","",O46-$I$1) -> -113.75
A47: =ROW()-2 -> 45 | B47: 6103 | C47: =VLOOKUP(B:B,재고차이!A:B,2,0) -> SP6103 | D47: =VLOOKUP(C:C,재고차이!B:C,2,0) -> S)스프라이트 제로 500PET 4X6 | E47: 16 | I47: 46105 | K47: =+P47 -> -107.75 | L47: =IF(I47="","",SUMIF(제품등록!B:B,'창고2(실사표)'!C:C,제품등록!F:F)) -> 273 | M47: =IF(I47=0,"",I47-L47) -> 45832 | N47: =IF(M47="","",L47*상미75) -> 68.25 | O47: =IF(N47="","",M47+N47) -> 45900.25 | P47: =IF(O47="","",O47-$I$1) -> -107.75
A48: =ROW()-2 -> 46 | B48: 7988 | C48: =VLOOKUP(B:B,재고차이!A:B,2,0) -> DP7988 | D48: =VLOOKUP(C:C,재고차이!B:C,2,0) -> 닥터페퍼 500PET 4X6 | E48: 28 | I48: 46181 | K48: =+P48 -> -100.75 | L48: =IF(I48="","",SUMIF(제품등록!B:B,'창고2(실사표)'!C:C,제품등록!F:F)) -> 365 | M48: =IF(I48=0,"",I48-L48) -> 45816 | N48: =IF(M48="","",L48*상미75) -> 91.25 | O48: =IF(N48="","",M48+N48) -> 45907.25 | P48: =IF(O48="","",O48-$I$1) -> -100.75
A49: =ROW()-2 -> 47 | B49: 5782 | C49: =VLOOKUP(B:B,재고차이!A:B,2,0) -> CC5782 | D49: =VLOOKUP(C:C,재고차이!B:C,2,0) -> 코크제로 체리 500PET 4X6 | E49: 13 | I49: 46183 | K49: =+P49 -> -98.75 | L49: =IF(I49="","",SUMIF(제품등록!B:B,'창고2(실사표)'!C:C,제품등록!F:F)) -> 365 | M49: =IF(I49=0,"",I49-L49) -> 45818 | N49: =IF(M49="","",L49*상미75) -> 91.25 | O49: =IF(N49="","",M49+N49) -> 45909.25 | P49: =IF(O49="","",O49-$I$1) -> -98.75
A50: =ROW()-2 -> 48 | B50: 5748 | C50: =VLOOKUP(B:B,재고차이!A:B,2,0) -> FT5748 | D50: =VLOOKUP(C:C,재고차이!B:C,2,0) -> 환타오렌지(S) 600P 4X6 | E50: =1+4 -> 5 | I50: 46157 | K50: =+P50 -> -124.75 | L50: =IF(I50="","",SUMIF(제품등록!B:B,'창고2(실사표)'!C:C,제품등록!F:F)) -> 365 | M50: =IF(I50=0,"",I50-L50) -> 45792 | N50: =IF(M50="","",L50*상미75) -> 91.25 | O50: =IF(N50="","",M50+N50) -> 45883.25 | P50: =IF(O50="","",O50-$I$1) -> -124.75
A51: =ROW()-2 -> 49 | B51: 5749 | C51: =VLOOKUP(B:B,재고차이!A:B,2,0) -> FT5749 | D51: =VLOOKUP(C:C,재고차이!B:C,2,0) -> S)환타 파인 600PET 4X6 | E51: 6 | I51: 46133 | K51: =+P51 -> -148.75 | L51: =IF(I51="","",SUMIF(제품등록!B:B,'창고2(실사표)'!C:C,제품등록!F:F)) -> 365 | M51: =IF(I51=0,"",I51-L51) -> 45768 | N51: =IF(M51="","",L51*상미75) -> 91.25 | O51: =IF(N51="","",M51+N51) -> 45859.25 | P51: =IF(O51="","",O51-$I$1) -> -148.75
A52: =ROW()-2 -> 50 | B52: 5749 | C52: =VLOOKUP(B:B,재고차이!A:B,2,0) -> FT5749 | D52: =VLOOKUP(C:C,재고차이!B:C,2,0) -> S)환타 파인 600PET 4X6 | E52: 16 | I52: 46157 | K52: =+P52 -> -124.75 | L52: =IF(I52="","",SUMIF(제품등록!B:B,'창고2(실사표)'!C:C,제품등록!F:F)) -> 365 | M52: =IF(I52=0,"",I52-L52) -> 45792 | N52: =IF(M52="","",L52*상미75) -> 91.25 | O52: =IF(N52="","",M52+N52) -> 45883.25 | P52: =IF(O52="","",O52-$I$1) -> -124.75
A53: =ROW()-2 -> 51 | B53: 4183 | C53: =VLOOKUP(B:B,재고차이!A:B,2,0) -> FT4183 | D53: =VLOOKUP(C:C,재고차이!B:C,2,0) -> S)환타 멜론 600PET 4X6 | E53: =10+28 -> 38 | I53: 46197 | K53: =+P53 -> -84.75 | L53: =IF(I53="","",SUMIF(제품등록!B:B,'창고2(실사표)'!C:C,제품등록!F:F)) -> 365 | M53: =IF(I53=0,"",I53-L53) -> 45832 | N53: =IF(M53="","",L53*상미75) -> 91.25 | O53: =IF(N53="","",M53+N53) -> 45923.25 | P53: =IF(O53="","",O53-$I$1) -> -84.75

Sheet 믹스(잔량실사표)
I1: =TODAY() -> 46008 | L1: 중요
B2: 제품코드 | C2: SAP코드 | D2: Brand Name | E2: 아주 | F2: 940P | G2: 잔량 | H2: 보류재고 | I2: 소비기한 | J2: 홀딩테그 | K2: 75% 사용가능 | L2: 소비기한 | M2: 생산일자 | N2: 0.75 | O2: 사용가능 | P2: 사용가능일수 75%
A3: =ROW()-2 -> 1 | B3: 7949 | C3: =VLOOKUP(B:B,재고차이!A:B,2,0) -> MM7949 | D3: =VLOOKUP(C:C,재고차이!B:C,2,0) -> 미닛 오+포+알 180NRB 3X12 | G3: 29 | I3: 46089 | K3: =+P3 -> -123.75 | L3: =IF(I3="","",SUMIF(제품등록!B:B,'믹스(잔량실사표)'!C:C,제품등록!F:F)) -> 273 | M3: =IF(I3=0,"",I3-L3) -> 45816 | N3: =IF(M3="","",L3*상미75) -> 68.25 | O3: =IF(N3="","",M3+N3) -> 45884.25 | P3: =IF(O3="","",O3-$I$1) -> -123.75
A4: =ROW()-2 -> 2 | B4: 6509 | C4: =VLOOKUP(B:B,재고차이!A:B,2,0) -> MM6509 | D4: =VLOOKUP(C:C,재고차이!B:C,2,0) -> S)MM오리지널0R100 1.5P 2X6 | G4: 21 | I4: 46110 | K4: =+P4 -> -102.75 | L4: =IF(I4="","",SUMIF(제품등록!B:B,'믹스(잔량실사표)'!C:C,제품등록!F:F)) -> 273 | M4: =IF(I4=0,"",I4-L4) -> 45837 | N4: =IF(M4="","",L4*상미75) -> 68.25 | O4: =IF(N4="","",M4+N4) -> 45905.25 | P4: =IF(O4="","",O4-$I$1) -> -102.75
A5: =ROW()-2 -> 3 | B5: 6705 | C5: =VLOOKUP(B:B,재고차이!A:B,2,0) -> MM6705 | D5: =VLOOKUP(C:C,재고차이!B:C,2,0) -> S)MM오리지널OR100 350P 4X6 | G5: 36 | I5: 46075 | K5: =+P5 -> -137.75 | L5: =IF(I5="","",SUMIF(제품등록!B:B,'믹스(잔량실사표)'!C:C,제품등록!F:F)) -> 273 | M5: =IF(I5=0,"",I5-L5) -> 45802 | N5: =IF(M5="","",L5*상미75) -> 68.25 | O5: =IF(N5="","",M5+N5) -> 45870.25 | P5: =IF(O5="","",O5-$I$1) -> -137.75
A6: =ROW()-2 -> 4 | B6: 8541 | C6: =VLOOKUP(B:B,재고차이!A:B,2,0) -> PA8541 | D6: =VLOOKUP(C:C,재고차이!B:C,2,0) -> 파워마운틴소분1.5P 2X6 | G6: 6 | I6: 46191 | K6: =+P6 -> -90.75 | L6: =IF(I6="","",SUMIF(제품등록!B:B,'믹스(잔량실사표)'!C:C,제품등록!F:F)) -> 365 | M6: =IF(I6=0,"",I6-L6) -> 45826 | N6: =IF(M6="","",L6*상미75) -> 91.25 | O6: =IF(N6="","",M6+N6) -> 45917.25 | P6: =IF(O6="","",O6-$I$1) -> -90.75
A7: =ROW()-2 -> 5 | B7: 6871 | C7: =VLOOKUP(B:B,재고차이!A:B,2,0) -> PA6871 | D7: =VLOOKUP(C:C,재고차이!B:C,2,0) -> S)파워 마운틴블라 600PET 4X6 | G7: 39 | I7: 46197 | K7: =+P7 -> -84.75 | L7: =IF(I7="","",SUMIF(제품등록!B:B,'믹스(잔량실사표)'!C:C,제품등록!F:F)) -> 365 | M7: =IF(I7=0,"",I7-L7) -> 45832 | N7: =IF(M7="","",L7*상미75) -> 91.25 | O7: =IF(N7="","",M7+N7) -> 45923.25 | P7: =IF(O7="","",O7-$I$1) -> -84.75
A8: =ROW()-2 -> 6 | B8: 6277 | C8: =VLOOKUP(B:B,재고차이!A:B,2,0) -> PA6277 | D8: =VLOOKUP(C:C,재고차이!B:C,2,0) -> 파워 퍼플스톰 600PET 4X6 | G8: 2 | I8: 46192 | K8: =+P8 -> -89.75 | L8: =IF(I8="","",SUMIF(제품등록!B:B,'믹스(잔량실사표)'!C:C,제품등록!F:F)) -> 365 | M8: =IF(I8=0,"",I8-L8) -> 45827 | N8: =IF(M8="","",L8*상미75) -> 91.25 | O8: =IF(N8="","",M8+N8) -> 45918.25 | P8: =IF(O8="","",O8-$I$1) -> -89.75
A9: =ROW()-2 -> 7 | B9: PA0002 | C9: =VLOOKUP(B:B,재고차이!A:B,2,0) -> PA0002 | D9: =VLOOKUP(C:C,재고차이!B:C,2,0) -> 파워 제로 마운틴블라 600PET 4X6 | G9: 44 | I9: 46179 | K9: =+P9 -> -102.75 | L9: =IF(I9="","",SUMIF(제품등록!B:B,'믹스(잔량실사표)'!C:C,제품등록!F:F)) -> 365 | M9: =IF(I9=0,"",I9-L9) -> 45814 | N9: =IF(M9="","",L9*상미75) -> 91.25 | O9: =IF(N9="","",M9+N9) -> 45905.25 | P9: =IF(O9="","",O9-$I$1) -> -102.75
A10: =ROW()-2 -> 8 | B10: 6285 | C10: =VLOOKUP(B:B,재고차이!A:B,2,0) -> PA6285 | D10: =VLOOKUP(C:C,재고차이!B:C,2,0) -> S)파워 스칼렛스톰 600PET 4X6 | G10: 36 | I10: 46191 | K10: =+P10 -> -90.75 | L10: =IF(I10="","",SUMIF(제품등록!B:B,'믹스(잔량실사표)'!C:C,제품등록!F:F)) -> 365 | M10: =IF(I10=0,"",I10-L10) -> 45826 | N10: =IF(M10="","",L10*상미75) -> 91.25 | O10: =IF(N10="","",M10+N10) -> 45917.25 | P10: =IF(O10="","",O10-$I$1) -> -90.75
A11: =ROW()-2 -> 9 | B11: 1007 | C11: =VLOOKUP(B:B,재고차이!A:B,2,0) -> PA1007 | D11: =VLOOKUP(C:C,재고차이!B:C,2,0) -> S)파워 제로 라임향 600PET 4X6 | G11: 9 | I11: 46195 | K11: =+P11 -> -86.75 | L11: =IF(I11="","",SUMIF(제품등록!B:B,'믹스(잔량실사표)'!C:C,제품등록!F:F)) -> 365 | M11: =IF(I11=0,"",I11-L11) -> 45830 | N11: =IF(M11="","",L11*상미75) -> 91.25 | O11: =IF(N11="","",M11+N11) -> 45921.25 | P11: =IF(O11="","",O11-$I$1) -> -86.75
A12: =ROW()-2 -> 10 | B12: 8561 | C12: =VLOOKUP(B:B,재고차이!A:B,2,0) -> TR8561 | D12: =VLOOKUP(C:C,재고차이!B:C,2,0) -> 토레타 500ml (소분) | G12: 51 | I12: 46163 | K12: =+P12 -> -118.75 | L12: =IF(I12="","",SUMIF(제품등록!B:B,'믹스(잔량실사표)'!C:C,제품등록!F:F)) -> 365 | M12: =IF(I12=0,"",I12-L12) -> 45798 | N12: =IF(M12="","",L12*상미75) -> 91.25 | O12: =IF(N12="","",M12+N12) -> 45889.25 | P12: =IF(O12="","",O12-$I$1) -> -118.75
A13: =ROW()-2 -> 11 | B13: 8590 | C13: =VLOOKUP(B:B,재고차이!A:B,2,0) -> TR8590 | D13: =VLOOKUP(C:C,재고차이!B:C,2,0) -> 토레타 제로500PET 4x6 | G13: 30 | I13: 46211 | K13: =+P13 -> -70.75 | L13: =IF(I13="","",SUMIF(제품등록!B:B,'믹스(잔량실사표)'!C:C,제품등록!F:F)) -> 365 | M13: =IF(I13=0,"",I13-L13) -> 45846 | N13: =IF(M13="","",L13*상미75) -> 91.25 | O13: =IF(N13="","",M13+N13) -> 45937.25 | P13: =IF(O13="","",O13-$I$1) -> -70.75
A14: =ROW()-2 -> 12 | B14: IH0001 | C14: =VLOOKUP(B:B,재고차이!A:B,2,0) -> IH0001 | D14: =VLOOKUP(C:C,재고차이!B:C,2,0) -> S)일로하스 피치 540PET 4X6 | G14: 26 | I14: 46156 | K14: =+P14 -> -125.75 | L14: =IF(I14="","",SUMIF(제품등록!B:B,'믹스(잔량실사표)'!C:C,제품등록!F:F)) -> 365 | M14: =IF(I14=0,"",I14-L14) -> 45791 | N14: =IF(M14="","",L14*상미75) -> 91.25 | O14: =IF(N14="","",M14+N14) -> 45882.25 | P14: =IF(O14="","",O14-$I$1) -> -125.75
A15: =ROW()-2 -> 13 | B15: 1000 | C15: =VLOOKUP(B:B,재고차이!A:B,2,0) -> MM1000 | D15: =VLOOKUP(C:C,재고차이!B:C,2,0) -> 미닛 허니&유자 280PET 4X6 | G15: 24 | I15: 46150 | K15: =+P15 -> -131.75 | L15: =IF(I15="","",SUMIF(제품등록!B:B,'믹스(잔량실사표)'!C:C,제품등록!F:F)) -> 365 | M15: =IF(I15=0,"",I15-L15) -> 45785 | N15: =IF(M15="","",L15*상미75) -> 91.25 | O15: =IF(N15="","",M15+N15) -> 45876.25 | P15: =IF(O15="","",O15-$I$1) -> -131.75
A16: =ROW()-2 -> 14 | B16: 1001 | C16: =VLOOKUP(B:B,재고차이!A:B,2,0) -> MM1001 | D16: =VLOOKUP(C:C,재고차이!B:C,2,0) -> 미닛 모과&생강 280PET 4X6 | G16: 88 | I16: 46242 | K16: =+P16 -> -108.75 | L16: =IF(I16="","",SUMIF(제품등록!B:B,'믹스(잔량실사표)'!C:C,제품등록!F:F)) -> 457 | M16: =IF(I16=0,"",I16-L16) -> 45785 | N16: =IF(M16="","",L16*상미75) -> 114.25 | O16: =IF(N16="","",M16+N16) -> 45899.25 | P16: =IF(O16="","",O16-$I$1) -> -108.75
A17: =ROW()-2 -> 15 | B17: 1002 | C17: =VLOOKUP(B:B,재고차이!A:B,2,0) -> MM1002 | D17: =VLOOKUP(C:C,재고차이!B:C,2,0) -> 미닛 레몬에이드 350PET 4X6 | G17: 89 | I17: 46089 | K17: =+P17 -> -121.5 | L17: =IF(I17="","",SUMIF(제품등록!B:B,'믹스(잔량실사표)'!C:C,제품등록!F:F)) -> 270 | M17: =IF(I17=0,"",I17-L17) -> 45819 | N17: =IF(M17="","",L17*상미75) -> 67.5 | O17: =IF(N17="","",M17+N17) -> 45886.5 | P17: =IF(O17="","",O17-$I$1) -> -121.5
A18: =ROW()-2 -> 16 | B18: 8065 | C18: =VLOOKUP(B:B,재고차이!A:B,2,0) -> GG8065 | D18: =VLOOKUP(C:C,재고차이!B:C,2,0) -> 조지아 크래프트 블랙 470PET 4X6 | G18: 51 | I18: 46192 | K18: =+P18 -> -89.75 | L18: =IF(I18="","",SUMIF(제품등록!B:B,'믹스(잔량실사표)'!C:C,제품등록!F:F)) -> 365 | M18: =IF(I18=0,"",I18-L18) -> 45827 | N18: =IF(M18="","",L18*상미75) -> 91.25 | O18: =IF(N18="","",M18+N18) -> 45918.25 | P18: =IF(O18="","",O18-$I$1) -> -89.75
A19: =ROW()-2 -> 17 | B19: 8066 | C19: =VLOOKUP(B:B,재고차이!A:B,2,0) -> GG8066 | D19: =VLOOKUP(C:C,재고차이!B:C,2,0) -> 조지아 크래프트 라떼 470PET 4X6 | G19: 55 | I19: 46144 | K19: =+P19 -> -92 | L19: =IF(I19="","",SUMIF(제품등록!B:B,'믹스(잔량실사표)'!C:C,제품등록!F:F)) -> 304 | M19: =IF(I19=0,"",I19-L19) -> 45840 | N19: =IF(M19="","",L19*상미75) -> 76 | O19: =IF(N19="","",M19+N19) -> 45916 | P19: =IF(O19="","",O19-$I$1) -> -92
A20: =ROW()-2 -> 18 | B20: 8058 | C20: =VLOOKUP(B:B,재고차이!A:B,2,0) -> GG8058 | D20: =VLOOKUP(C:C,재고차이!B:C,2,0) -> 조지아 크래프트 스윗블랙 470PET 4X6 | G20: 1 | I20: 46190 | K20: =+P20 -> -91.75 | L20: =IF(I20="","",SUMIF(제품등록!B:B,'믹스(잔량실사표)'!C:C,제품등록!F:F)) -> 365 | M20: =IF(I20=0,"",I20-L20) -> 45825 | N20: =IF(M20="","",L20*상미75) -> 91.25 | O20: =IF(N20="","",M20+N20) -> 45916.25 | P20: =IF(O20="","",O20-$I$1) -> -91.75
A21: =ROW()-2 -> 19 | B21: 8278 | C21: =VLOOKUP(B:B,재고차이!A:B,2,0) -> GG8278 | D21: =VLOOKUP(C:C,재고차이!B:C,2,0) -> 조지아 크래프트 저칼로리라떼 470PET 4X6 | G21: 40 | I21: 46110 | K21: =+P21 -> -126 | L21: =IF(I21="","",SUMIF(제품등록!B:B,'믹스(잔량실사표)'!C:C,제품등록!F:F)) -> 304 | M21: =IF(I21=0,"",I21-L21) -> 45806 | N21: =IF(M21="","",L21*상미75) -> 76 | O21: =IF(N21="","",M21+N21) -> 45882 | P21: =IF(O21="","",O21-$I$1) -> -126
A22: =ROW()-2 -> 20 | B22: 5651 | C22: =VLOOKUP(B:B,재고차이!A:B,2,0) -> PC5651 | D22: =VLOOKUP(C:C,재고차이!B:C,2,0) -> 강원평창수(올림픽) 500PET X20 | G22: 80 | I22: 46164 | K22: =+P22 -> -117.75 | L22: =IF(I22="","",SUMIF(제품등록!B:B,'믹스(잔량실사표)'!C:C,제품등록!F:F)) -> 365 | M22: =IF(I22=0,"",I22-L22) -> 45799 | N22: =IF(L22="","",L22*상미75) -> 91.25 | O22: =IF(M22="","",M22+N22) -> 45890.25 | P22: =IF(O22="","",O22-$I$1) -> -117.75
A23: =ROW()-2 -> 21 | B23: 5640 | C23: =VLOOKUP(B:B,재고차이!A:B,2,0) -> PC5640 | D23: =VLOOKUP(C:C,재고차이!B:C,2,0) -> 강원평창수 2.0PET X6 | K23: =+P23 | L23: =IF(I23="","",SUMIF(제품등록!B:B,'믹스(잔량실사표)'!C:C,제품등록!F:F)) | M23: =IF(I23=0,"",I23-L23) | N23: =IF(L23="","",L23*상미75) | O23: =IF(M23="","",M23+N23) | P23: =IF(O23="","",O23-$I$1)
A24: =ROW()-2 -> 22 | B24: 4969 | C24: =VLOOKUP(B:B,재고차이!A:B,2,0) -> KC4969 | D24: =VLOOKUP(C:C,재고차이!B:C,2,0) -> S)과일촌 아침에사과 500PET 4X6 | G24: 64 | I24: 46182 | K24: =+P24 -> -99.75 | L24: =IF(I24="","",SUMIF(제품등록!B:B,'믹스(잔량실사표)'!C:C,제품등록!F:F)) -> 365 | M24: =IF(I24=0,"",I24-L24) -> 45817 | N24: =IF(L24="","",L24*상미75) -> 91.25 | O24: =IF(M24="","",M24+N24) -> 45908.25 | P24: =IF(O24="","",O24-$I$1) -> -99.75
A25: =ROW()-2 -> 23 | B25: 2825 | C25: =VLOOKUP(B:B,재고차이!A:B,2,0) -> KM2825 | D25: =VLOOKUP(C:C,재고차이!B:C,2,0) -> S)갈아만든 배 500PET 4X6 | G25: 60 | I25: 46123 | K25: =+P25 -> -113 | L25: =IF(I25="","",SUMIF(제품등록!B:B,'믹스(잔량실사표)'!C:C,제품등록!F:F)) -> 304 | M25: =IF(I25=0,"",I25-L25) -> 45819 | N25: =IF(L25="","",L25*상미75) -> 76 | O25: =IF(M25="","",M25+N25) -> 45895 | P25: =IF(O25="","",O25-$I$1) -> -113
A26: =ROW()-2 -> 24 | B26: GS0012 | C26: =VLOOKUP(B:B,재고차이!A:B,2,0) -> GS0012 | D26: =VLOOKUP(C:C,재고차이!B:C,2,0) -> 영진 구론산 오리지날액 150NRB 3X10 | G26: =12+28 -> 40 | I26: 46163 | K26: =+P26 -> -118.75 | L26: =IF(I26="","",SUMIF(제품등록!B:B,'믹스(잔량실사표)'!C:C,제품등록!F:F)) -> 365 | M26: =IF(I26=0,"",I26-L26) -> 45798 | N26: =IF(L26="","",L26*상미75) -> 91.25 | O26: =IF(M26="","",M26+N26) -> 45889.25 | P26: =IF(O26="","",O26-$I$1) -> -118.75
A27: =ROW()-2 -> 25 | B27: 5375 | C27: =VLOOKUP(B:B,재고차이!A:B,2,0) -> GS5375 | D27: =VLOOKUP(C:C,재고차이!B:C,2,0) -> 영진 구론산 탄산 오리지날 150NRB 3X10 | G27: 65 | I27: 46164 | K27: =+P27 -> -117.75 | L27: =IF(I27="","",SUMIF(제품등록!B:B,'믹스(잔량실사표)'!C:C,제품등록!F:F)) -> 365 | M27: =IF(I27=0,"",I27-L27) -> 45799 | N27: =IF(L27="","",L27*상미75) -> 91.25 | O27: =IF(M27="","",M27+N27) -> 45890.25 | P27: =IF(O27="","",O27-$I$1) -> -117.75
A28: =ROW()-2 -> 26 | B28: 2826 | C28: =VLOOKUP(B:B,재고차이!A:B,2,0) -> KM2826 | D28: =VLOOKUP(C:C,재고차이!B:C,2,0) -> 갈아만든 배 1.5PET X6 | G28: 1 | I28: 46103 | K28: =+P28 -> -133 | L28: =IF(I28="","",SUMIF(제품등록!B:B,'믹스(잔량실사표)'!C:C,제품등록!F:F)) -> 304 | M28: =IF(I28=0,"",I28-L28) -> 45799 | N28: =IF(L28="","",L28*상미75) -> 76 | O28: =IF(M28="","",M28+N28) -> 45875 | P28: =IF(O28="","",O28-$I$1) -> -133
A29: =ROW()-2 -> 27 | B29: 4929 | C29: =VLOOKUP(B:B,재고차이!A:B,2,0) -> KM4929 | D29: =VLOOKUP(C:C,재고차이!B:C,2,0) -> S)갈아만든 배 340CAN 4X6 | G29: 2 | I29: 46527 | K29: =+P29 -> -28.5 | L29: =IF(I29="","",SUMIF(제품등록!B:B,'믹스(잔량실사표)'!C:C,제품등록!F:F)) -> 730 | M29: =IF(I29=0,"",I29-L29) -> 45797 | N29: =IF(L29="","",L29*상미75) -> 182.5 | O29: =IF(M29="","",M29+N29) -> 45979.5 | P29: =IF(O29="","",O29-$I$1) -> -28.5
A30: =ROW()-2 -> 28 | B30: 4290 | C30: =VLOOKUP(B:B,재고차이!A:B,2,0) -> KM4290 | D30: =VLOOKUP(C:C,재고차이!B:C,2,0) -> S)갈배 사이다 500PET 4X6 | G30: 4 | I30: 46161 | K30: =+P30 -> -120.75 | L30: =IF(I30="","",SUMIF(제품등록!B:B,'믹스(잔량실사표)'!C:C,제품등록!F:F)) -> 365 | M30: =IF(I30=0,"",I30-L30) -> 45796 | N30: =IF(L30="","",L30*상미75) -> 91.25 | O30: =IF(M30="","",M30+N30) -> 45887.25 | P30: =IF(O30="","",O30-$I$1) -> -120.75
A31: =ROW()-2 -> 29 | B31: 4125 | C31: =VLOOKUP(B:B,재고차이!A:B,2,0) -> CP4125 | D31: =VLOOKUP(C:C,재고차이!B:C,2,0) -> S)코코팜 포도 340CAN 4X6 | G31: 21 | I31: 46485 | K31: =+P31 -> -70.5 | L31: =IF(I31="","",SUMIF(제품등록!B:B,'믹스(잔량실사표)'!C:C,제품등록!F:F)) -> 730 | M31: =IF(I31=0,"",I31-L31) -> 45755 | N31: =IF(L31="","",L31*상미75) -> 182.5 | O31: =IF(M31="","",M31+N31) -> 45937.5 | P31: =IF(O31="","",O31-$I$1) -> -70.5
A32: =ROW()-2 -> 30 | B32: 4259 | C32: =VLOOKUP(B:B,재고차이!A:B,2,0) -> BB4259 | D32: =VLOOKUP(C:C,재고차이!B:C,2,0) -> S)봉봉 포도 340CAN 4X6 | G32: 67 | I32: 46555 | K32: =+P32 -> -0.5 | L32: =IF(I32="","",SUMIF(제품등록!B:B,'믹스(잔량실사표)'!C:C,제품등록!F:F)) -> 730 | M32: =IF(I32=0,"",I32-L32) -> 45825 | N32: =IF(L32="","",L32*상미75) -> 182.5 | O32: =IF(M32="","",M32+N32) -> 46007.5 | P32: =IF(O32="","",O32-$I$1) -> -0.5
A33: =ROW()-2 -> 31 | B33: 4112 | C33: =VLOOKUP(B:B,재고차이!A:B,2,0) -> CP4112 | D33: =VLOOKUP(C:C,재고차이!B:C,2,0) -> S)코코팜 피치핑크 240CAN 5X6 | G33: 87 | I33: 46141 | K33: =+P33 -> -140.75 | L33: =IF(I33="","",SUMIF(제품등록!B:B,'믹스(잔량실사표)'!C:C,제품등록!F:F)) -> 365 | M33: =IF(I33=0,"",I33-L33) -> 45776 | N33: =IF(L33="","",L33*상미75) -> 91.25 | O33: =IF(M33="","",M33+N33) -> 45867.25 | P33: =IF(O33="","",O33-$I$1) -> -140.75
A34: =ROW()-2 -> 32 | B34: 4281 | C34: =VLOOKUP(B:B,재고차이!A:B,2,0) -> CP4281 | D34: =VLOOKUP(C:C,재고차이!B:C,2,0) -> S)코코팜 화이트 240CAN 5X6 | G34: 92 | I34: 46134 | K34: =+P34 -> -147.75 | L34: =IF(I34="","",SUMIF(제품등록!B:B,'믹스(잔량실사표)'!C:C,제품등록!F:F)) -> 365 | M34: =IF(I34=0,"",I34-L34) -> 45769 | N34: =IF(L34="","",L34*상미75) -> 91.25 | O34: =IF(M34="","",M34+N34) -> 45860.25 | P34: =IF(O34="","",O34-$I$1) -> -147.75
A35: =ROW()-2 -> 33 | B35: 9120 | C35: =VLOOKUP(B:B,재고차이!A:B,2,0) -> MJ9120 | D35: =VLOOKUP(C:C,재고차이!B:C,2,0) -> 몸에좋은 Set 음양오행 180NRB 3X10 | G35: 63 | I35: 46132 | K35: =+P35 -> -149.75 | L35: =IF(I35="","",SUMIF(제품등록!B:B,'믹스(잔량실사표)'!C:C,제품등록!F:F)) -> 365 | M35: =IF(I35=0,"",I35-L35) -> 45767 | N35: =IF(L35="","",L35*상미75) -> 91.25 | O35: =IF(M35="","",M35+N35) -> 45858.25 | P35: =IF(O35="","",O35-$I$1) -> -149.75
A36: =ROW()-2 -> 34 | B36: KC1005 | C36: =VLOOKUP(B:B,재고차이!A:B,2,0) -> KC1005 | D36: =VLOOKUP(C:C,재고차이!B:C,2,0) -> 과일촌 아침에 오+포+사 180NRB 3X12 | G36: 3 | I36: 46079 | K36: =+P36 -> -133.75 | L36: =IF(I36="","",SUMIF(제품등록!B:B,'믹스(잔량실사표)'!C:C,제품등록!F:F)) -> 273 | M36: =IF(I36=0,"",I36-L36) -> 45806 | N36: =IF(L36="","",L36*상미75) -> 68.25 | O36: =IF(M36="","",M36+N36) -> 45874.25 | P36: =IF(O36="","",O36-$I$1) -> -133.75
A37: =ROW()-2 -> 35 | B37: 4872 | C37: =VLOOKUP(B:B,재고차이!A:B,2,0) -> GG4872 | D37: =VLOOKUP(C:C,재고차이!B:C,2,0) -> 조지아오리지널240C 5X6 | G37: 72 | I37: 46198 | K37: =+P37 -> -83.75 | L37: =IF(I37="","",SUMIF(제품등록!B:B,'믹스(잔량실사표)'!C:C,제품등록!F:F)) -> 365 | M37: =IF(I37=0,"",I37-L37) -> 45833 | N37: =IF(M37="","",L37*상미75) -> 91.25 | O37: =IF(N37="","",M37+N37) -> 45924.25 | P37: =IF(O37="","",O37-$I$1) -> -83.75
A38: =ROW()-2 -> 36 | B38: 4879 | C38: =VLOOKUP(B:B,재고차이!A:B,2,0) -> GG4879 | D38: =VLOOKUP(C:C,재고차이!B:C,2,0) -> 조지아카페라테240C 5X6 | G38: 43 | I38: 46203 | K38: =+P38 -> -78.75 | L38: =IF(I38="","",SUMIF(제품등록!B:B,'믹스(잔량실사표)'!C:C,제품등록!F:F)) -> 365 | M38: =IF(I38=0,"",I38-L38) -> 45838 | N38: =IF(M38="","",L38*상미75) -> 91.25 | O38: =IF(N38="","",M38+N38) -> 45929.25 | P38: =IF(O38="","",O38-$I$1) -> -78.75
A39: =ROW()-2 -> 37 | B39: 4899 | C39: =VLOOKUP(B:B,재고차이!A:B,2,0) -> GG4899 | D39: =VLOOKUP(C:C,재고차이!B:C,2,0) -> 조지아맥스 240C 5X6 | G39: 121 | I39: 46199 | K39: =+P39 -> -82.75 | L39: =IF(I39="","",SUMIF(제품등록!B:B,'믹스(잔량실사표)'!C:C,제품등록!F:F)) -> 365 | M39: =IF(I39=0,"",I39-L39) -> 45834 | N39: =IF(M39="","",L39*상미75) -> 91.25 | O39: =IF(N39="","",M39+N39) -> 45925.25 | P39: =IF(O39="","",O39-$I$1) -> -82.75
A40: =ROW()-2 -> 38 | B40: 8521 | C40: =VLOOKUP(B:B,재고차이!A:B,2,0) -> PA8521 | D40: =VLOOKUP(C:C,재고차이!B:C,2,0) -> 파워M/B 240CAN 5X6 | G40: 45 | I40: 46575 | K40: =+P40 -> 19.5 | L40: =IF(I40="","",SUMIF(제품등록!B:B,'믹스(잔량실사표)'!C:C,제품등록!F:F)) -> 730 | M40: =IF(I40=0,"",I40-L40) -> 45845 | N40: =IF(M40="","",L40*상미75) -> 182.5 | O40: =IF(N40="","",M40+N40) -> 46027.5 | P40: =IF(O40="","",O40-$I$1) -> 19.5
A41: =ROW()-2 -> 39 | B41: 8560 | C41: =VLOOKUP(B:B,재고차이!A:B,2,0) -> TR8560 | D41: =VLOOKUP(C:C,재고차이!B:C,2,0) -> 토레타 240CAN 5X6 | G41: 51 | I41: 46161 | K41: =+P41 -> -120.75 | L41: =IF(I41="","",SUMIF(제품등록!B:B,'믹스(잔량실사표)'!C:C,제품등록!F:F)) -> 365 | M41: =IF(I41=0,"",I41-L41) -> 45796 | N41: =IF(M41="","",L41*상미75) -> 91.25 | O41: =IF(N41="","",M41+N41) -> 45887.25 | P41: =IF(O41="","",O41-$I$1) -> -120.75
A42: =ROW()-2 -> 40 | B42: 1300 | C42: =VLOOKUP(B:B,재고차이!A:B,2,0) -> CC1300 | D42: =VLOOKUP(C:C,재고차이!B:C,2,0) -> 코카콜라SW 250CAN 5X6 | G42: 100 | I42: 46561 | K42: =+P42 -> 5.5 | L42: =IF(I42="","",SUMIF(제품등록!B:B,'믹스(잔량실사표)'!C:C,제품등록!F:F)) -> 730 | M42: =IF(I42=0,"",I42-L42) -> 45831 | N42: =IF(M42="","",L42*상미75) -> 182.5 | O42: =IF(N42="","",M42+N42) -> 46013.5 | P42: =IF(O42="","",O42-$I$1) -> 5.5
A43: =ROW()-2 -> 41 | B43: 8273 | C43: =VLOOKUP(B:B,재고차이!A:B,2,0) -> CC8273 | D43: =VLOOKUP(C:C,재고차이!B:C,2,0) -> 코크 제로 250CAN 5X6 | G43: 14 | I43: 46563 | K43: =+P43 -> 281.25 | L43: =IF(I43="","",SUMIF(제품등록!B:B,'믹스(잔량실사표)'!C:C,제품등록!F:F)) -> 365 | M43: =IF(I43=0,"",I43-L43) -> 46198 | N43: =IF(M43="","",L43*상미75) -> 91.25 | O43: =IF(N43="","",M43+N43) -> 46289.25 | P43: =IF(O43="","",O43-$I$1) -> 281.25
A44: =ROW()-2 -> 42 | B44: 5771 | C44: =VLOOKUP(B:B,재고차이!A:B,2,0) -> CC5771 | D44: =VLOOKUP(C:C,재고차이!B:C,2,0) -> 코크제로 제로 250CAN 5X6 | G44: 103 | I44: 46365 | K44: =+P44 -> -54 | L44: =IF(I44="","",SUMIF(제품등록!B:B,'믹스(잔량실사표)'!C:C,제품등록!F:F)) -> 548 | M44: =IF(I44=0,"",I44-L44) -> 45817 | N44: =IF(M44="","",L44*상미75) -> 137 | O44: =IF(N44="","",M44+N44) -> 45954 | P44: =IF(O44="","",O44-$I$1) -> -54
A45: =ROW()-2 -> 43 | B45: 4823 | C45: =VLOOKUP(B:B,재고차이!A:B,2,0) -> FT4823 | D45: =VLOOKUP(C:C,재고차이!B:C,2,0) -> 환타오렌지250CAN 5X6 M | G45: 92 | I45: 46556 | K45: =+P45 -> 0.5 | L45: =IF(I45="","",SUMIF(제품등록!B:B,'믹스(잔량실사표)'!C:C,제품등록!F:F)) -> 730 | M45: =IF(I45=0,"",I45-L45) -> 45826 | N45: =IF(M45="","",L45*상미75) -> 182.5 | O45: =IF(N45="","",M45+N45) -> 46008.5 | P45: =IF(O45="","",O45-$I$1) -> 0.5
A46: =ROW()-2 -> 44 | B46: 5312 | C46: =VLOOKUP(B:B,재고차이!A:B,2,0) -> FT5312 | D46: =VLOOKUP(C:C,재고차이!B:C,2,0) -> 환타 파인 250CAN 5X6 | G46: 128 | I46: 46520 | K46: =+P46 -> -35.5 | L46: =IF(I46="","",SUMIF(제품등록!B:B,'믹스(잔량실사표)'!C:C,제품등록!F:F)) -> 730 | M46: =IF(I46=0,"",I46-L46) -> 45790 | N46: =IF(M46="","",L46*상미75) -> 182.5 | O46: =IF(N46="","",M46+N46) -> 45972.5 | P46: =IF(O46="","",O46-$I$1) -> -35.5
A47: =ROW()-2 -> 45 | B47: 2531 | C47: =VLOOKUP(B:B,재고차이!A:B,2,0) -> CC2531 | D47: =VLOOKUP(C:C,재고차이!B:C,2,0) -> 코카콜라 350CAN 4X6 | G47: =60+20 -> 80 | I47: 46546 | K47: =+P47 -> -9.5 | L47: =IF(I47="","",SUMIF(제품등록!B:B,'믹스(잔량실사표)'!C:C,제품등록!F:F)) -> 730 | M47: =IF(I47=0,"",I47-L47) -> 45816 | N47: =IF(M47="","",L47*상미75) -> 182.5 | O47: =IF(N47="","",M47+N47) -> 45998.5 | P47: =IF(O47="","",O47-$I$1) -> -9.5
A48: =ROW()-2 -> 46 | B48: 5191 | C48: =VLOOKUP(B:B,재고차이!A:B,2,0) -> CC5191 | D48: =VLOOKUP(C:C,재고차이!B:C,2,0) -> 코카콜라 490CAN 6X4 | G48: 51 | I48: 46560 | K48: =+P48 -> 4.5 | L48: =IF(I48="","",SUMIF(제품등록!B:B,'믹스(잔량실사표)'!C:C,제품등록!F:F)) -> 730 | M48: =IF(I48=0,"",I48-L48) -> 45830 | N48: =IF(M48="","",L48*상미75) -> 182.5 | O48: =IF(N48="","",M48+N48) -> 46012.5 | P48: =IF(O48="","",O48-$I$1) -> 4.5
A49: =ROW()-2 -> 47 | B49: 5777 | C49: =VLOOKUP(B:B,재고차이!A:B,2,0) -> CC5777 | D49: =VLOOKUP(C:C,재고차이!B:C,2,0) -> 코크제로 350CAN 4X6 | G49: 74 | I49: 46549 | K49: =+P49 -> 267.25 | L49: =IF(I49="","",SUMIF(제품등록!B:B,'믹스(잔량실사표)'!C:C,제품등록!F:F)) -> 365 | M49: =IF(I49=0,"",I49-L49) -> 46184 | N49: =IF(M49="","",L49*상미75) -> 91.25 | O49: =IF(N49="","",M49+N49) -> 46275.25 | P49: =IF(O49="","",O49-$I$1) -> 267.25
A50: =ROW()-2 -> 48 | B50: 5192 | C50: =VLOOKUP(B:B,재고차이!A:B,2,0) -> CC5192 | D50: =VLOOKUP(C:C,재고차이!B:C,2,0) -> 코크제로 490ml CAN 6X4 | G50: 2 | I50: 46526 | K50: =+P50 -> -29.5 | L50: =IF(I50="","",SUMIF(제품등록!B:B,'믹스(잔량실사표)'!C:C,제품등록!F:F)) -> 730 | M50: =IF(I50=0,"",I50-L50) -> 45796 | N50: =IF(M50="","",L50*상미75) -> 182.5 | O50: =IF(N50="","",M50+N50) -> 45978.5 | P50: =IF(O50="","",O50-$I$1) -> -29.5
A51: =ROW()-2 -> 49 | B51: 4179 | C51: =VLOOKUP(B:B,재고차이!A:B,2,0) -> SP4179 | D51: =VLOOKUP(C:C,재고차이!B:C,2,0) -> 스프라이트(신350C 4X6 | G51: 96 | I51: 46541 | K51: =+P51 -> -14.5 | L51: =IF(I51="","",SUMIF(제품등록!B:B,'믹스(잔량실사표)'!C:C,제품등록!F:F)) -> 730 | M51: =IF(I51=0,"",I51-L51) -> 45811 | N51: =IF(M51="","",L51*상미75) -> 182.5 | O51: =IF(N51="","",M51+N51) -> 45993.5 | P51: =IF(O51="","",O51-$I$1) -> -14.5
A52: =ROW()-2 -> 50 | B52: 4184 | C52: =VLOOKUP(B:B,재고차이!A:B,2,0) -> SP4184 | D52: =VLOOKUP(C:C,재고차이!B:C,2,0) -> S)스프제로 칠 아이스블라스트 350CAN 4X6 | G52: 39 | I52: 46213 | K52: =+P52 -> -68.75 | L52: =IF(I52="","",SUMIF(제품등록!B:B,'믹스(잔량실사표)'!C:C,제품등록!F:F)) -> 365 | M52: =IF(I52=0,"",I52-L52) -> 45848 | N52: =IF(M52="","",L52*상미75) -> 91.25 | O52: =IF(N52="","",M52+N52) -> 45939.25 | P52: =IF(O52="","",O52-$I$1) -> -68.75
A53: =ROW()-2 -> 51 | B53: 4177 | C53: =VLOOKUP(B:B,재고차이!A:B,2,0) -> FT4177 | D53: =VLOOKUP(C:C,재고차이!B:C,2,0) -> S)환타 오렌지 350CAN 4X6 | G53: 36 | I53: 46563 | K53: =+P53 -> 7.5 | L53: =IF(I53="","",SUMIF(제품등록!B:B,'믹스(잔량실사표)'!C:C,제품등록!F:F)) -> 730 | M53: =IF(I53=0,"",I53-L53) -> 45833 | N53: =IF(M53="","",L53*상미75) -> 182.5 | O53: =IF(N53="","",M53+N53) -> 46015.5 | P53: =IF(O53="","",O53-$I$1) -> 7.5
A54: =ROW()-2 -> 52 | B54: 7994 | C54: =VLOOKUP(B:B,재고차이!A:B,2,0) -> DP7994 | D54: =VLOOKUP(C:C,재고차이!B:C,2,0) -> 닥터페퍼 제로 350CAN 4X6 | G54: 30 | I54: 46192 | K54: =+P54 -> -89.75 | L54: 365 | M54: =IF(I54=0,"",I54-L54) -> 45827 | N54: =IF(L54="","",L54*상미75) -> 91.25 | O54: =IF(M54="","",M54+N54) -> 45918.25 | P54: =IF(O54="","",O54-$I$1) -> -89.75
A55: =ROW()-2 -> 53 | B55: DP0439 | C55: =VLOOKUP(B:B,재고차이!A:B,2,0) -> DP0439 | D55: =VLOOKUP(C:C,재고차이!B:C,2,0) -> S)닥터페퍼제로 스트로베리&크림 350CAN4X6 | G55: 9 | I55: 46207 | K55: =+P55 -> -74.75 | L55: 365 | M55: =IF(I55=0,"",I55-L55) -> 45842 | N55: =IF(L55="","",L55*상미75) -> 91.25 | O55: =IF(M55="","",M55+N55) -> 45933.25 | P55: =IF(O55="","",O55-$I$1) -> -74.75
A56: =ROW()-2 -> 54 | B56: FT4181 | C56: =VLOOKUP(B:B,재고차이!A:B,2,0) -> FT4181 | D56: =VLOOKUP(C:C,재고차이!B:C,2,0) -> 환타 제로 파인 350CAN 4X6 | G56: 17 | I56: 46191 | K56: =+P56 -> -90.75 | L56: 365 | M56: =IF(I56=0,"",I56-L56) -> 45826 | N56: =IF(L56="","",L56*상미75) -> 91.25 | O56: =IF(M56="","",M56+N56) -> 45917.25 | P56: =IF(O56="","",O56-$I$1) -> -90.75
A57: =ROW()-2 -> 55 | B57: 4182 | C57: =VLOOKUP(B:B,재고차이!A:B,2,0) -> FT4182 | D57: =VLOOKUP(C:C,재고차이!B:C,2,0) -> 환타 제로 오렌지 350CAN 4X6 | G57: 8 | I57: 46177 | K57: =+P57 -> -104.75 | L57: 365 | M57: =IF(I57=0,"",I57-L57) -> 45812 | N57: =IF(L57="","",L57*상미75) -> 91.25 | O57: =IF(M57="","",M57+N57) -> 45903.25 | P57: =IF(O57="","",O57-$I$1) -> -104.75
